"","intrntDagMin","vertrouwen","levenTevr","onderwTevr","hmsAttitude","geluk","sociaalLeven","hinderGez","discrGroep","discrRas","discrNtn","discrRlg","discrTaal","discrEtn","discrLftd","discrGnd","discrSkst","discrBep","discrAnder","discrWN","discrWgr","discrNVT","discrGA","burger","burgerLand","geboren","geborenLand","jaarAankomst","etnMndrhd","thuistaal1","thuistaal2","vaGbrn","vaGbrtland","moGbrn","moGbrtland","hshdAantal","geboortejaar","leeftijd","domicil","oplNiveau","oplNiveauVgl","oplJaren","btldWerk","vlgOpl","wrklsAct","wrklsNAct","bprkng","pensioen","gmschdst","wrkAnder","wrkWgr","wrkWN","wrkGA","hfdactiv","btldWerkCheck","btldWerkOoit","btldWerkJaar","wrkType","wrknAantal","cntrctType","cllgAantal","toezicht","tzchtAantal","autoWerk","cntrctUur","reeelUren","orgType","wrkls3m","wrkls12m","wrkls5y","vakbond","hfdbronInk","inkGevoel","cursus","afkomst1","afkomst2","frOpl","frJob","frOplAlg","frJobAlg","inkBron","inkPeriode","inkBruto","inkBrtLet","inkNetto","inkNtLet","inkBrtFr","inkNtFr","inkBrtWns","inkNtWns","inkBrpFr","inkTopFr","inkLgFr","kloofFr","recSkil","recErvr","recKnns","recMigr","recGndr","frVerd","frHrdWrk","frZorg","frStatus","mnsVrdn","rchtWint","cmpOnr","blrkCrea","blrkRijk","blrkGlk","blrkBwndr","blrkVlg","blrkNwAct","blrkGhrzm","blrkDvrst","blrkBschd","blrkVrwn","blrkAutnm","blrkBhlpzm","blrkSccs","blrkStrSt","blrkAvntr","blrkGdrg","blrkRspct","blrkLyl","blrkMilieu","blrkTrad","blrkPlzr"
"1536",600,19,9,4,15,9,7,2,2,0,0,0,0,0,0,0,0,0,0,0,0,1,0,1,NA,1,NA,NA,2,"DUT",NA,1,NA,1,NA,3,1981,37,4,610,6,15,1,0,0,0,0,0,0,0,0,0,0,1,NA,NA,NA,1,NA,1,3,2,NA,14,24,35,2,2,NA,NA,1,1,3,1,11021,11020,9,9,3,2,1,2,3260,NA,2365,NA,0,0,NA,NA,0,2,-3,2,4,3,3,2,2,1,2,2,4,4,2,4,2,3,1,3,3,1,4,1,3,1,1,1,4,4,2,3,3,1,2,3,1
"1475",60,16,8,7,14,8,7,3,2,0,0,0,0,0,0,0,0,0,0,0,0,1,0,1,NA,1,NA,NA,2,"FRE","ENG",1,NA,1,NA,1,1948,70,3,610,6,15,0,0,0,0,0,1,0,0,0,0,0,NA,2,1,2004,1,NA,1,4,1,20,13,8,8,4,2,NA,NA,2,4,3,2,11020,11022,8,8,5,5,2,2,NA,NA,1400,NA,NA,-1,NA,1600,-2,0,-3,2,4,2,2,4,2,2,1,2,4,4,4,4,3,3,2,2,2,3,5,2,3,2,2,1,3,2,5,2,3,2,2,1,2
"504",180,20,8,7,11,8,5,3,2,0,0,0,0,0,0,0,0,0,0,0,0,1,0,2,"RO",2,"RO",2009,1,"RUM","FRE",2,"RO",2,"RO",4,1972,46,4,610,6,14,1,0,0,0,0,0,0,0,0,0,0,8,NA,NA,NA,1,NA,1,3,1,NA,11,40,40,4,2,NA,NA,2,1,1,1,14090,NA,6,8,8,8,1,2,3700,NA,3450,NA,0,0,NA,NA,-4,-2,-3,0,4,3,1,1,1,4,4,4,5,4,3,2,3,5,2,2,2,2,4,1,1,1,2,2,2,1,5,2,4,2,2,1,2
"1481",60,15,8,5,15,8,6,3,2,0,0,0,0,0,0,0,0,0,0,0,0,1,0,1,NA,1,NA,NA,2,"FRE",NA,1,NA,1,NA,3,1977,42,4,423,5,14,1,0,0,0,0,0,0,1,0,0,0,1,NA,NA,NA,1,NA,1,2,2,NA,16,24,26,2,2,NA,NA,1,1,2,1,11020,11021,8,3,5,3,1,2,NA,4,NA,3,0,-1,NA,2000,-1,1,-2,1,3,3,2,1,1,2,2,3,4,3,3,3,1,6,3,5,3,3,5,1,2,3,3,1,5,3,3,3,4,2,3,4,3
"358",120,17,8,7,15,8,6,3,2,0,0,0,0,0,0,0,0,0,0,0,0,1,0,1,NA,1,NA,NA,2,"DUT",NA,1,NA,1,NA,1,1984,34,4,610,6,16,1,0,0,0,0,0,0,0,0,0,0,1,NA,NA,NA,1,NA,1,2,1,3,8,37,37,4,2,NA,NA,3,1,2,1,11021,11020,9,9,5,4,1,2,3000,NA,2100,NA,1,-1,3500,2500,-1,3,-3,3,4,4,3,3,1,2,2,2,4,4,2,2,4,5,2,3,3,3,4,2,2,2,1,1,3,3,3,2,3,1,2,3,2
"785",30,24,9,8,14,9,7,2,2,0,0,0,0,0,0,0,0,0,0,0,0,1,0,1,NA,1,NA,NA,2,"DUT",NA,1,NA,1,NA,2,1951,67,3,113,1,10,0,0,0,0,0,1,0,0,0,0,0,NA,2,1,2015,1,NA,1,2,2,NA,15,38,45,4,1,1,2,1,4,2,2,11020,11021,7,9,9,8,2,2,NA,NA,1300,NA,NA,0,NA,NA,0,-2,-4,0,4,2,2,2,2,4,2,2,4,2,2,3,2,6,2,5,2,2,2,2,2,3,2,2,3,2,3,2,3,2,2,2,3
"1748",150,19,8,7,14,7,7,2,2,0,0,0,0,0,0,0,0,0,0,0,0,1,0,1,NA,1,NA,NA,2,"FRE",NA,1,NA,1,NA,5,1966,52,4,222,2,13,1,0,0,0,0,0,0,0,0,0,0,NA,NA,NA,NA,1,NA,1,3,2,NA,18,38,50,1,2,NA,NA,3,1,2,1,11022,11020,9,6,8,5,1,2,1801,NA,1801,NA,-1,-1,2800,2200,-1,2,-2,3,3,2,3,2,1,2,1,2,4,3,4,4,3,5,2,3,2,2,4,2,2,1,1,1,4,2,4,2,3,1,3,2,1
"127",180,11,9,NA,13,10,6,3,2,0,0,0,0,0,0,0,0,0,0,0,0,1,0,1,NA,1,NA,NA,2,"FRE",NA,1,NA,1,NA,2,1947,71,4,222,2,9,0,0,0,0,0,1,0,0,0,0,0,6,2,1,1977,1,NA,1,4,2,NA,0,24,24,4,2,NA,NA,3,4,3,2,11020,11050,0,NA,1,2,2,2,NA,NA,NA,3,NA,-2,NA,2700,NA,-2,-2,-2,3,3,3,NA,NA,2,2,2,4,2,4,4,3,5,3,4,2,2,5,3,2,3,4,2,4,3,5,3,4,2,2,4,5
"645",NA,18,7,NA,10,8,7,3,2,0,0,0,0,0,0,0,0,0,0,0,0,1,0,1,NA,1,NA,NA,2,"DUT",NA,2,"NL",1,NA,1,1928,90,4,113,1,6,1,0,0,0,0,0,0,0,0,0,0,NA,NA,NA,NA,2,0,NA,1,1,0,20,NA,70,5,2,NA,NA,3,2,2,2,11020,11040,7,NA,6,7,1,2,NA,3,1500,NA,0,0,NA,NA,0,3,-3,-2,3,4,3,3,3,2,2,2,4,4,2,3,4,4,2,4,1,5,2,4,2,5,1,3,3,4,5,2,3,3,3,2,4
"1065",90,13,8,8,7,8,7,3,1,0,0,0,0,0,1,0,0,0,0,0,0,0,0,1,NA,1,NA,NA,2,"DUT",NA,1,NA,1,NA,3,1997,21,4,222,2,14,1,0,0,0,0,0,0,0,0,0,0,NA,NA,NA,NA,1,NA,1,4,2,NA,13,39,55,4,1,1,1,1,1,2,1,11028,11020,7,5,1,1,1,2,2000,NA,1750,NA,0,0,NA,NA,0,3,0,3,3,3,3,3,2,2,2,4,4,3,2,2,4,2,2,2,6,2,6,3,6,2,1,2,2,5,1,6,3,1,2,3,1
"987",480,17,7,7,10,7,7,3,2,0,0,0,0,0,0,0,0,0,0,0,0,1,0,1,NA,1,NA,NA,2,"DUT",NA,1,NA,1,NA,4,1973,45,4,710,7,16,1,0,0,0,0,0,0,0,0,0,0,NA,NA,NA,NA,2,0,NA,1,2,NA,20,NA,40,5,2,NA,NA,3,2,1,2,11020,11021,9,9,7,6,1,2,0,NA,0,NA,NA,NA,NA,NA,0,2,0,3,4,3,4,2,2,4,2,3,4,3,3,2,3,5,3,2,1,4,3,3,2,4,2,2,3,2,5,3,2,2,2,1,3
"1572",150,16,8,4,15,8,5,2,2,0,0,0,0,0,0,0,0,0,0,0,0,1,0,1,NA,1,NA,NA,2,"DUT",NA,1,NA,1,NA,2,1983,35,4,610,6,24,1,0,0,0,0,0,0,0,0,0,0,NA,NA,NA,NA,1,NA,2,4,2,NA,16,22,50,2,1,1,1,1,1,2,1,11021,11020,9,7,5,4,1,2,NA,5,1999,NA,0,0,NA,NA,1,2,-3,2,4,3,2,2,2,4,2,2,3,4,4,4,3,5,2,4,2,2,3,3,2,3,2,3,3,3,4,3,2,1,3,3,2
"305",360,17,8,7,12,8,7,3,2,0,0,0,0,0,0,0,0,0,0,0,0,1,0,1,NA,1,NA,NA,2,"DUT",NA,1,NA,1,NA,3,2000,18,4,213,2,12,0,1,0,0,0,0,0,0,0,0,0,NA,2,2,NA,NA,NA,NA,NA,NA,NA,NA,NA,NA,NA,2,NA,NA,3,1,1,2,11020,NA,9,8,8,6,NA,NA,NA,NA,NA,NA,NA,NA,NA,NA,NA,-1,0,2,3,3,3,4,3,2,2,2,4,2,2,2,4,3,2,2,3,2,3,2,2,1,2,4,2,3,1,3,3,1,5,2,1
"413",300,18,6,10,11,7,4,3,2,0,0,0,0,0,0,0,0,0,0,0,0,1,0,1,NA,1,NA,NA,2,"FRE","ITA",2,"IT",2,"IT",1,1989,30,3,222,2,12,1,0,0,0,0,0,0,0,0,0,0,NA,NA,NA,NA,1,NA,2,2,2,NA,8,38,38,3,1,2,1,1,1,2,2,11020,13040,10,10,5,5,1,2,NA,2,1400,NA,0,0,NA,NA,0,0,0,2,3,3,4,2,2,2,3,2,5,3,2,2,3,5,1,2,2,3,5,2,2,3,2,4,3,4,4,2,3,2,2,4,2
"981",60,14,9,5,8,9,7,3,2,0,0,0,0,0,0,0,0,0,0,0,0,1,0,1,NA,1,NA,NA,2,"FRE",NA,2,"NL",1,NA,2,1949,69,4,313,4,12,1,0,0,0,0,1,0,0,0,0,0,1,NA,NA,NA,2,20,NA,2,1,20,20,NA,50,4,2,NA,NA,3,2,2,2,11020,NA,8,8,8,8,1,2,8000,NA,8000,NA,-3,-3,NA,NA,0,-2,-2,2,4,2,2,1,2,2,3,2,4,2,2,2,3,5,3,4,2,2,5,3,3,2,2,3,5,3,3,2,3,2,2,2,3
"576",270,10,8,7,14,8,5,1,1,0,1,1,0,1,0,0,0,0,0,0,0,0,0,1,NA,1,NA,NA,2,"DUT",NA,1,NA,1,NA,5,1985,33,4,720,7,17,1,0,0,0,0,0,0,0,0,0,0,NA,NA,NA,NA,1,NA,1,2,2,NA,10,30,30,4,1,2,1,2,1,3,1,11020,13040,10,5,9,5,1,2,2030,NA,1800,NA,-2,-1,2500,2100,-1,3,-4,-3,3,4,4,2,1,2,2,2,5,3,4,5,2,4,3,2,4,3,3,3,2,2,1,2,2,4,3,3,2,2,2,2,1
"129",120,22,7,6,15,8,5,3,2,0,0,0,0,0,0,0,0,0,0,0,0,1,0,1,NA,1,NA,NA,2,"DUT",NA,1,NA,1,NA,2,1968,50,4,720,7,17,1,0,0,0,0,0,0,0,0,0,0,NA,NA,NA,NA,1,NA,1,3,1,30,16,24,24,4,1,2,2,1,1,1,1,11020,11021,10,10,6,7,1,2,4500,NA,2300,NA,0,0,NA,NA,0,2,-4,4,4,3,2,3,3,2,2,4,5,4,4,4,2,4,2,2,2,3,3,2,3,5,1,1,3,2,4,2,3,1,2,2,3
"309",180,19,8,6,15,8,6,3,2,0,0,0,0,0,0,0,0,0,0,0,0,1,0,1,NA,1,NA,NA,2,"FRE",NA,1,NA,1,NA,4,1973,45,4,710,7,16,1,0,0,0,0,0,0,0,0,0,0,1,NA,NA,NA,1,NA,1,5,1,2,15,36,45,4,1,2,2,3,1,1,1,11020,11022,8,8,6,6,1,2,4300,NA,2900,NA,0,0,NA,NA,-1,0,-2,1,4,4,3,2,2,2,2,1,5,2,3,4,3,3,2,4,2,4,2,2,2,2,2,2,4,3,4,2,3,1,2,2,1
"1761",NA,11,7,7,12,8,5,3,2,0,0,0,0,0,0,0,0,0,0,0,0,1,0,1,NA,1,NA,NA,2,"FRE",NA,1,NA,1,NA,2,1938,81,4,222,2,12,0,0,0,0,0,1,0,0,0,0,0,NA,2,1,1998,1,NA,1,3,2,NA,0,38,38,3,1,1,2,2,4,2,2,11020,NA,5,5,4,5,2,2,NA,NA,1200,NA,NA,0,NA,NA,-3,2,-2,2,3,4,3,2,1,2,2,2,3,2,3,2,2,5,2,4,2,2,5,3,3,3,3,3,2,2,3,5,2,4,3,3,3
"874",NA,18,8,1,14,8,4,3,1,0,0,0,0,0,0,0,0,0,1,0,0,0,0,1,NA,1,NA,NA,2,"FRE",NA,1,NA,1,NA,5,1979,39,4,313,4,30,1,0,1,0,0,0,0,0,0,0,0,3,NA,NA,NA,1,NA,2,NA,1,20,17,NA,NA,3,1,1,2,3,1,3,1,11022,NA,1,2,0,1,1,2,NA,2,800,NA,-2,-2,2500,1500,2,2,3,4,3,4,3,4,4,1,3,2,4,2,4,4,1,6,1,3,2,3,6,2,5,1,1,2,4,5,3,5,NA,2,1,3,1
"1002",NA,20,7,5,12,7,4,1,2,0,0,0,0,0,0,0,0,0,0,0,0,1,0,1,NA,1,NA,NA,2,"FRE",NA,NA,NA,1,NA,3,1957,61,3,321,3,12,0,0,0,0,1,0,0,0,0,0,0,NA,2,1,1976,1,NA,1,4,1,20,8,38,40,4,1,1,1,1,6,3,2,11020,11022,3,2,2,3,3,2,NA,NA,900,NA,NA,-2,NA,1600,3,-2,4,-2,2,3,4,1,2,1,4,1,5,2,1,2,5,5,1,5,3,5,5,2,2,5,5,3,5,5,5,3,3,5,3,3,5
"441",NA,12,6,6,13,6,7,3,2,0,0,0,0,0,0,0,0,0,0,0,0,1,0,1,NA,1,NA,NA,2,"FRE",NA,1,NA,1,NA,4,1965,53,3,213,2,10,1,0,0,0,0,0,0,0,0,0,0,NA,NA,NA,NA,2,3,NA,1,1,3,20,NA,84,4,2,NA,NA,3,1,2,2,11020,NA,2,3,5,5,1,2,1500,NA,1250,NA,-3,-3,2500,2000,-4,2,-2,2,2,2,1,1,1,2,2,2,3,2,2,3,2,2,2,3,3,2,2,2,2,3,2,2,2,2,3,2,4,3,3,3,3
"856",NA,14,9,7,15,9,6,3,1,0,0,0,0,0,0,1,0,0,0,0,0,0,0,1,NA,1,NA,NA,2,"FRE",NA,1,NA,1,NA,5,1982,36,4,610,6,17,1,0,0,0,0,0,0,0,0,0,0,8,NA,NA,NA,1,NA,1,4,2,NA,7,22,40,2,2,NA,NA,1,1,1,1,11020,NA,10,6,3,5,1,2,NA,5,1800,NA,0,-2,NA,2000,-2,0,1,1,2,3,2,2,2,1,2,2,4,2,2,4,1,4,1,3,2,3,3,2,2,1,1,1,3,3,3,4,4,1,1,3,1
"1141",NA,21,8,8,10,10,3,3,2,0,0,0,0,0,0,0,0,0,0,0,0,1,0,1,NA,1,NA,NA,2,"DUT",NA,1,NA,1,NA,2,1947,71,4,113,1,8,0,0,0,0,0,1,0,0,0,0,0,NA,2,1,2007,1,NA,1,3,2,NA,0,19,19,3,1,1,2,3,4,1,2,11020,11021,0,10,8,8,2,2,NA,NA,1100,NA,NA,-2,NA,NA,-2,3,-3,-1,4,3,4,2,1,1,2,2,4,4,2,4,2,4,1,4,2,2,5,2,2,2,2,2,2,2,5,2,4,2,2,2,2
"1750",180,21,7,7,12,7,4,2,2,0,0,0,0,0,0,0,0,0,0,0,0,1,0,1,NA,1,NA,NA,2,"DUT",NA,1,NA,1,NA,4,1974,44,5,610,6,15,1,0,0,0,0,0,0,0,0,0,0,NA,NA,NA,NA,1,NA,1,3,2,NA,15,28,42,2,2,NA,NA,3,1,1,1,11020,11021,10,5,8,6,1,2,NA,NA,2200,NA,0,-2,NA,2500,0,0,-4,2,2,3,4,4,4,4,4,3,5,4,5,4,2,4,2,3,3,3,3,2,2,2,2,2,5,3,4,4,2,1,1,4,2
"470",20,13,3,5,11,4,2,3,2,0,0,0,0,0,0,0,0,0,0,0,0,1,0,1,NA,1,NA,NA,2,"FRE","DUT",2,"DE",1,NA,1,1967,51,4,113,1,7,1,0,0,0,0,0,0,0,0,0,0,NA,NA,NA,NA,1,NA,1,5,2,NA,3,40,40,4,2,NA,NA,1,1,3,1,11023,11070,5,6,5,7,1,2,1840,NA,1171,NA,0,-3,NA,1500,-3,0,-2,-1,3,3,1,1,3,4,2,2,4,4,4,3,5,3,2,2,2,3,4,2,2,4,5,2,3,3,3,3,3,4,2,4,4
"1638",180,20,8,5,15,7,5,3,2,0,0,0,0,0,0,0,0,0,0,0,0,1,0,1,NA,1,NA,NA,2,"FRE",NA,1,NA,1,NA,2,1983,36,3,720,7,16,1,0,0,0,0,0,0,0,0,0,0,NA,NA,NA,NA,1,NA,1,2,2,NA,16,38,38,6,2,NA,NA,1,1,1,1,11020,11022,10,7,0,2,1,2,NA,NA,2350,NA,0,0,NA,NA,0,4,-4,3,4,3,2,2,2,1,4,1,5,5,4,3,2,6,1,2,4,2,3,1,1,2,2,2,3,4,3,1,2,2,1,4,2
"562",330,15,9,1,15,9,3,3,1,0,0,0,0,0,0,0,0,0,1,0,0,0,0,1,NA,1,NA,NA,2,"DUT",NA,1,NA,1,NA,4,1998,20,4,313,4,12,1,0,0,0,0,0,0,0,0,0,0,NA,NA,NA,NA,1,NA,1,1,2,NA,6,20,20,4,1,2,1,1,1,1,2,11020,11021,10,10,10,10,1,2,NA,2,900,NA,-2,-2,1400,1000,-2,-1,-4,3,1,2,3,4,2,5,2,4,4,3,3,3,2,5,2,1,5,3,5,1,1,1,2,3,5,6,2,5,5,1,2,2,3
"1360",NA,14,8,7,4,8,5,1,2,0,0,0,0,0,0,0,0,0,0,0,0,1,0,1,NA,1,NA,NA,2,"FRE","DUT",1,NA,1,NA,2,1940,78,5,113,1,7,0,0,0,0,0,1,0,0,0,0,0,NA,2,1,1955,3,NA,3,1,2,NA,14,56,56,4,2,NA,NA,3,4,3,2,11020,11022,7,2,7,6,NA,NA,NA,NA,NA,NA,NA,NA,NA,NA,NA,0,-2,1,2,2,1,1,1,2,2,2,2,4,4,4,2,5,3,2,2,5,4,3,2,2,2,3,5,2,6,1,4,3,1,2,4
"349",300,11,6,4,15,7,5,1,2,0,0,0,0,0,0,0,0,0,0,0,0,1,0,1,NA,1,NA,NA,2,"FRE","DUT",2,"ES",1,NA,3,1999,19,4,113,1,13,0,0,0,1,0,0,0,0,0,0,0,NA,2,2,NA,NA,NA,NA,NA,NA,NA,NA,NA,NA,NA,2,NA,NA,3,1,2,2,11022,11050,6,5,2,2,NA,NA,NA,NA,NA,NA,NA,NA,NA,NA,NA,-2,-4,3,4,2,1,1,1,2,2,1,5,3,4,4,2,5,1,5,1,2,4,1,1,2,1,2,4,2,4,3,5,2,1,3,3
"1096",300,11,8,NA,15,9,3,3,2,0,0,0,0,0,0,0,0,0,0,0,0,1,0,2,"FR",2,"FR",2018,2,"FRE",NA,2,"FR",2,"FR",2,1994,24,1,620,6,21,1,0,0,0,0,0,0,0,0,0,0,NA,NA,NA,NA,1,NA,1,5,2,NA,5,38,43,4,1,2,1,3,1,3,1,11050,NA,8,10,8,5,1,2,2300,NA,1600,NA,-1,-2,2500,2000,-2,2,-4,2,2,3,2,1,2,1,1,2,5,2,4,4,1,4,1,2,2,1,5,1,1,2,1,1,3,1,5,3,3,1,1,2,2
"894",150,23,8,8,13,8,5,3,2,0,0,0,0,0,0,0,0,0,0,0,0,1,0,2,"NL",2,"NL",2006,2,"DUT",NA,2,"NL",2,"NL",2,1945,73,4,610,6,14,0,0,0,0,0,1,0,0,0,0,0,6,1,NA,NA,1,NA,2,2,1,7,8,NA,NA,2,2,NA,NA,2,4,1,2,11040,NA,0,NA,5,5,2,2,NA,NA,5000,NA,NA,0,NA,NA,0,0,2,NA,4,4,3,3,2,4,3,2,4,4,2,3,3,3,2,4,4,3,4,2,3,4,2,3,3,4,5,3,4,2,2,3,3
"590",300,22,9,7,15,9,4,3,2,0,0,0,0,0,0,0,0,0,0,0,0,1,0,1,NA,1,NA,NA,2,"FRE",NA,1,NA,1,NA,4,1984,34,4,710,7,15,1,0,0,0,0,0,0,0,0,0,0,8,NA,NA,NA,1,NA,1,3,2,NA,14,19,33,1,2,NA,NA,2,1,1,1,11020,11022,7,6,6,6,1,2,4000,NA,2400,NA,2,-1,5000,2800,-1,0,-3,-4,3,4,3,2,2,2,2,3,3,4,2,3,4,5,3,4,2,3,6,3,3,1,2,2,5,2,5,5,5,3,3,2,3
"474",120,22,8,9,15,8,4,3,2,0,0,0,0,0,0,0,0,0,0,0,0,1,0,1,NA,1,NA,NA,2,"DUT",NA,1,NA,1,NA,5,1999,19,4,610,6,14,0,1,0,0,0,0,0,0,0,0,0,NA,2,2,NA,NA,NA,NA,NA,NA,NA,NA,NA,NA,NA,2,NA,NA,3,1,1,2,11020,11040,9,8,8,8,NA,NA,NA,NA,NA,NA,NA,NA,NA,NA,NA,0,0,0,4,4,4,3,2,4,1,2,2,3,2,2,2,4,4,3,4,2,3,4,4,4,4,2,2,2,2,2,2,2,2,2,2
"168",195,22,8,8,13,9,6,3,2,0,0,0,0,0,0,0,0,0,0,0,0,1,0,1,NA,1,NA,NA,2,"FRE",NA,1,NA,1,NA,1,1988,30,3,710,7,19,1,0,0,0,0,0,0,0,0,0,0,NA,NA,NA,NA,1,NA,1,2,1,1,11,40,45,4,2,NA,NA,3,1,2,1,11020,11022,10,8,6,6,1,2,3000,NA,2087,NA,0,-3,NA,2450,0,0,-2,2,4,4,2,1,1,3,2,2,4,2,3,2,2,4,2,2,1,2,5,1,3,2,2,2,2,2,2,2,3,1,2,1,1
"501",150,6,6,6,8,7,6,3,2,0,0,0,0,0,0,0,0,0,0,0,0,1,0,1,NA,1,NA,NA,2,"FRE",NA,1,NA,1,NA,1,1973,45,3,421,5,16,1,0,0,0,0,0,0,0,0,0,0,NA,NA,NA,NA,1,NA,1,4,2,NA,0,38,38,1,1,1,2,1,1,2,2,11020,NA,5,5,5,5,1,2,2400,NA,1890,NA,0,-1,NA,2000,-1,2,-2,2,4,4,3,2,2,2,2,3,3,3,3,3,3,4,2,2,2,2,4,2,5,3,2,2,2,2,3,2,2,2,2,2,2
"421",120,9,7,7,9,7,6,3,2,0,0,0,0,0,0,0,0,0,0,0,0,1,0,1,NA,1,NA,NA,2,"DUT","ITA",2,"NL",1,NA,3,1995,23,4,423,5,11,1,0,0,0,0,0,0,0,0,0,0,NA,NA,NA,NA,1,NA,1,3,2,NA,1,40,40,4,2,NA,NA,1,1,2,1,11020,13040,8,9,8,5,1,2,2300,NA,1750,NA,-2,-3,NA,2500,-2,3,-4,-3,3,3,2,2,1,4,2,4,2,4,2,2,2,3,3,2,3,3,3,3,3,3,1,1,2,2,1,4,2,1,1,2,1
"840",120,11,3,5,10,8,5,3,2,0,0,0,0,0,0,0,0,0,0,0,0,1,0,1,NA,1,NA,NA,2,"FRE","SPA",1,NA,1,NA,4,1991,27,3,313,4,16,1,0,0,0,0,0,0,0,0,0,0,NA,NA,NA,NA,1,NA,1,4,2,NA,1,38,40,1,2,NA,NA,1,1,2,2,13070,11020,7,6,6,6,1,2,2900,NA,1900,NA,0,0,NA,NA,0,3,-2,-2,2,2,2,2,2,2,2,2,3,2,3,2,3,5,3,2,3,3,4,3,3,3,3,3,3,3,3,3,3,2,3,3,3
"952",60,21,9,5,12,9,5,3,2,0,0,0,0,0,0,0,0,0,0,0,0,1,0,2,"DE",2,"8888",1965,2,"GER","FIN",2,"8888",2,"8888",2,1934,84,2,710,7,15,0,0,0,0,0,1,0,0,0,0,0,NA,2,1,1996,1,NA,1,5,1,15,15,40,55,1,2,NA,NA,3,4,1,2,11070,NA,NA,NA,6,3,2,2,NA,NA,NA,10,NA,0,NA,NA,NA,0,-2,-1,4,4,NA,2,2,3,1,1,5,3,5,4,2,5,2,5,2,2,2,2,2,2,2,1,2,1,5,4,2,1,1,5,2
"455",NA,22,10,8,10,8,6,2,2,0,0,0,0,0,0,0,0,0,0,0,0,1,0,1,NA,1,NA,NA,2,"DUT",NA,1,NA,1,NA,2,1936,82,2,113,1,8,0,0,0,0,0,1,0,0,0,0,0,NA,2,1,1994,1,NA,1,4,2,NA,16,38,38,4,2,NA,NA,2,1,1,2,11021,11020,3,5,4,3,1,2,2500,NA,2200,NA,0,0,NA,NA,0,4,-4,-4,4,3,4,4,2,5,3,2,5,3,3,4,3,4,2,2,1,1,3,1,1,1,2,1,3,1,4,3,2,1,1,2,1
"1652",60,23,9,8,15,10,6,3,2,0,0,0,0,0,0,0,0,0,0,0,0,1,0,1,NA,1,NA,NA,2,"DUT","FRE",1,NA,1,NA,4,1977,41,4,610,6,16,1,0,0,0,0,0,0,0,0,0,0,NA,NA,NA,NA,1,NA,1,4,2,NA,2,22,22,3,2,NA,NA,1,1,1,1,11020,11021,10,10,5,6,1,2,3700,NA,2300,NA,0,-3,NA,2600,0,4,-3,3,2,3,3,3,2,4,1,3,4,4,4,4,4,6,3,3,2,6,3,3,2,3,5,2,4,3,4,3,3,2,2,2,2
"356",30,17,7,6,15,7,4,3,2,0,0,0,0,0,0,0,0,0,0,0,0,1,0,1,NA,1,NA,NA,2,"DUT",NA,1,NA,1,NA,2,1948,70,4,323,4,12,0,0,0,0,0,1,0,0,0,0,0,NA,2,1,2009,1,NA,1,3,2,NA,5,40,40,4,2,NA,NA,2,4,2,2,11020,11021,7,7,5,5,2,2,NA,NA,1500,NA,NA,0,NA,NA,0,1,-4,4,3,4,2,4,3,2,2,1,5,3,4,4,2,5,2,6,3,5,2,2,2,3,2,2,5,2,6,2,4,2,1,3,4
"1649",180,20,9,6,15,9,7,3,2,0,0,0,0,0,0,0,0,0,0,0,0,1,0,1,NA,1,NA,NA,2,"DUT","FRE",1,NA,1,NA,2,1957,61,5,323,4,12,0,0,0,0,0,1,0,0,0,0,0,NA,2,1,2018,1,NA,1,3,1,6,18,40,45,4,1,1,1,2,4,1,2,11020,11021,8,5,7,6,2,2,NA,NA,1350,NA,NA,0,NA,NA,-2,2,-3,1,4,2,3,2,3,4,2,2,4,4,3,3,2,4,2,3,3,4,4,3,4,3,2,2,3,3,3,3,4,2,3,3,3
"1258",20,14,1,6,11,4,4,1,2,0,0,0,0,0,0,0,0,0,0,0,0,1,0,2,"IT",2,"IT",1965,2,"FRE","ITA",2,"IT",2,"IT",2,1965,53,3,610,6,18,0,0,0,0,1,0,0,0,0,0,0,NA,2,1,2013,1,NA,1,5,2,NA,12,40,50,4,1,1,1,2,8,3,2,13040,11020,9,2,8,3,NA,NA,NA,NA,NA,NA,NA,NA,NA,NA,NA,0,-2,-2,3,3,4,3,2,3,2,3,4,4,4,4,2,5,1,4,3,3,3,2,3,5,3,3,4,3,5,3,3,3,2,3,4
"1508",360,26,8,8,15,9,6,3,2,0,0,0,0,0,0,0,0,0,0,0,0,1,0,1,NA,1,NA,NA,2,"DUT",NA,1,NA,1,NA,4,1969,49,3,610,6,16,1,0,0,0,0,0,0,0,0,0,0,NA,NA,NA,NA,1,NA,1,1,2,NA,14,22,22,4,1,2,1,3,1,1,2,11020,11021,9,8,7,6,1,2,NA,2,1400,NA,0,0,NA,NA,0,0,0,-1,4,4,2,1,1,2,2,4,4,2,2,2,2,4,2,4,4,2,4,4,2,2,3,2,3,2,2,2,2,2,2,2,2
"1145",60,18,9,6,13,8,5,3,2,0,0,0,0,0,0,0,0,0,0,0,0,1,0,1,NA,1,NA,NA,2,"FRE",NA,2,"IT",1,NA,2,1990,28,4,610,6,16,1,0,0,0,0,0,0,0,0,0,0,NA,NA,NA,NA,1,NA,1,2,2,NA,13,36,36,2,2,NA,NA,3,1,2,1,11020,11022,10,8,4,2,1,2,NA,4,1700,NA,0,0,NA,NA,0,3,3,3,3,3,2,4,2,2,2,2,5,4,3,3,2,4,1,2,5,2,5,1,4,2,1,2,2,2,2,2,4,3,2,2,1
"73",240,16,8,10,14,7,6,3,2,0,0,0,0,0,0,0,0,0,0,0,0,1,0,1,NA,1,NA,NA,2,"DUT",NA,1,NA,1,NA,3,1997,21,4,323,4,13,1,0,0,0,0,0,0,0,0,0,0,1,NA,NA,NA,1,NA,2,4,2,NA,0,24,24,2,1,2,1,1,8,2,1,11020,11021,10,10,10,10,1,2,1530,NA,1254,NA,0,0,NA,NA,-2,-2,-2,3,4,4,2,3,1,1,1,3,4,2,3,3,5,6,2,2,1,1,3,3,2,2,3,1,2,1,4,1,3,1,3,2,1
"1563",480,9,7,3,15,7,6,2,2,0,0,0,0,0,0,0,0,0,0,0,0,1,0,1,NA,1,NA,NA,2,"FRE",NA,2,"FR",1,NA,5,1994,24,4,313,4,16,0,1,0,0,0,0,0,0,0,0,0,NA,2,1,2017,1,NA,2,2,2,NA,12,20,20,4,1,2,1,3,1,2,1,11020,11050,6,7,5,5,NA,NA,NA,NA,NA,NA,NA,NA,NA,NA,NA,-1,-4,3,2,3,3,2,1,1,1,1,3,5,4,4,2,4,1,1,3,1,5,1,2,5,2,2,2,4,2,5,4,1,3,5,3
"1577",120,21,5,7,13,5,4,3,2,0,0,0,0,0,0,0,0,0,0,0,0,1,0,1,NA,1,NA,NA,2,"DUT",NA,1,NA,1,NA,2,1974,44,4,313,4,15,1,0,0,0,0,0,0,0,0,0,0,NA,NA,NA,NA,1,NA,1,3,2,NA,15,38,38,3,2,NA,NA,3,1,2,2,11020,11021,7,5,7,5,1,2,NA,5,NA,5,0,0,NA,NA,0,2,-3,3,3,2,3,4,1,3,3,3,3,3,2,3,3,5,3,3,3,4,4,2,2,3,4,3,5,3,4,4,4,3,3,4,3
"15",120,16,7,7,14,8,5,3,2,0,0,0,0,0,0,0,0,0,0,0,0,1,0,1,NA,1,NA,NA,2,"DUT",NA,1,NA,1,NA,3,1982,36,1,610,6,17,1,0,0,0,0,0,0,0,0,0,0,1,NA,NA,NA,1,NA,1,5,2,NA,16,38,43,4,1,2,2,1,1,1,2,11020,11021,8,8,5,5,1,2,NA,5,2200,NA,0,0,NA,NA,0,2,-2,3,3,3,3,2,2,2,1,2,4,3,3,3,4,5,3,3,2,4,3,2,1,2,4,1,3,3,5,2,4,1,2,1,2
"1465",150,17,6,6,14,6,5,2,2,0,0,0,0,0,0,0,0,0,0,0,0,1,0,1,NA,1,NA,NA,2,"DUT",NA,1,NA,1,NA,2,1957,61,4,620,6,25,1,0,0,0,0,0,0,0,0,0,0,NA,NA,NA,NA,1,NA,1,4,2,NA,15,37,42,4,1,2,2,3,1,2,1,11021,NA,8,1,6,4,1,2,4650,NA,2350,NA,-2,-3,5200,2550,2,4,-3,3,4,3,2,1,2,2,2,2,4,4,4,4,3,4,2,4,2,4,3,3,3,2,3,2,4,2,4,3,2,2,1,2,1
"1318",NA,20,8,7,11,7,6,2,2,0,0,0,0,0,0,0,0,0,0,0,0,1,0,1,NA,1,NA,NA,2,"DUT","FRE",1,NA,1,NA,1,1928,90,3,710,7,19,0,0,0,0,0,1,0,0,0,0,0,NA,2,1,2003,2,0,NA,1,2,NA,20,NA,30,5,2,NA,NA,3,4,2,2,11020,11023,8,NA,8,7,2,2,NA,NA,1700,NA,NA,0,NA,NA,0,2,-2,2,3,3,2,3,3,2,4,2,4,4,4,4,2,5,2,2,3,2,3,2,4,4,3,2,2,3,4,3,4,2,2,3,3
"62",240,20,7,6,15,7,4,3,2,0,0,0,0,0,0,0,0,0,0,0,0,1,0,1,NA,1,NA,NA,2,"DUT",NA,1,NA,1,NA,2,1970,48,3,321,3,12,1,0,0,0,0,0,0,0,0,0,0,1,NA,NA,NA,1,NA,1,3,1,70,6,32,33,2,2,NA,NA,1,1,2,1,11021,NA,9,4,9,7,1,2,2871,NA,1812,NA,0,0,NA,NA,0,2,-3,3,4,4,2,2,2,3,3,3,4,4,4,2,2,4,2,4,2,3,3,2,2,2,3,3,5,3,4,3,4,2,2,3,2
"390",600,18,8,9,13,8,6,3,2,0,0,0,0,0,0,0,0,0,0,0,0,1,0,1,NA,1,NA,NA,2,"DUT",NA,2,"CF",1,NA,2,1985,33,4,610,6,15,1,0,0,0,0,0,0,0,0,0,0,NA,NA,NA,NA,2,1,NA,1,2,NA,20,NA,45,5,1,1,1,3,2,1,1,11020,NA,10,3,7,5,1,2,NA,NA,1500,NA,0,-2,NA,2000,-2,0,0,1,4,3,4,3,2,4,1,2,5,4,2,2,2,4,2,3,3,1,3,2,3,3,3,2,3,4,3,2,3,2,3,4,2
"1668",180,22,10,8,15,10,7,3,2,0,0,0,0,0,0,0,0,0,0,0,0,1,0,1,NA,1,NA,NA,2,"DUT",NA,1,NA,1,NA,5,1982,36,4,720,7,18,1,0,0,0,0,0,0,0,0,0,0,8,NA,NA,NA,1,NA,1,3,1,63,20,23,28,6,2,NA,NA,3,1,1,1,11020,NA,10,10,6,6,1,2,5000,NA,3200,NA,0,0,NA,NA,2,2,-2,3,4,3,3,3,2,2,4,2,5,4,3,4,2,4,1,2,4,4,3,2,2,3,1,1,3,4,5,3,3,1,2,3,3
"1059",NA,16,8,7,12,8,4,3,2,0,0,0,0,0,0,0,0,0,0,0,0,1,0,1,NA,1,NA,NA,2,"FRE",NA,1,NA,1,NA,1,1928,90,4,113,1,14,0,0,0,0,0,1,0,0,0,0,0,NA,2,2,NA,NA,NA,NA,NA,NA,NA,NA,NA,NA,NA,2,NA,NA,3,4,2,2,11020,11022,0,0,0,0,2,2,NA,NA,1200,NA,NA,-2,NA,1500,0,0,-2,-2,2,2,2,2,2,NA,NA,2,NA,4,3,2,3,5,2,2,2,3,NA,NA,2,2,2,2,5,2,5,NA,NA,2,2,2,5
"381",NA,8,8,5,8,7,5,3,2,0,0,0,0,0,0,0,0,0,0,0,0,1,0,1,NA,1,NA,NA,2,"FRE",NA,1,NA,1,NA,2,1939,79,3,222,2,9,0,0,0,0,0,1,0,0,0,0,0,NA,2,1,1996,1,NA,1,1,2,NA,9,38,40,4,2,NA,NA,2,4,3,2,11022,11020,2,3,6,1,2,2,NA,NA,1193,NA,NA,-3,NA,1500,-3,-2,-2,-3,2,2,2,2,4,2,2,2,4,2,4,4,2,5,2,2,3,3,4,2,2,1,2,2,3,2,5,1,2,1,1,1,2
"77",480,11,8,6,15,8,4,3,2,0,0,0,0,0,0,0,0,0,0,0,0,1,0,1,NA,1,NA,NA,2,"FRE",NA,1,NA,1,NA,2,1999,19,4,213,2,13,0,0,0,0,0,0,0,1,0,0,0,NA,2,2,NA,NA,NA,NA,NA,NA,NA,NA,NA,NA,NA,1,1,1,3,1,3,1,11020,13040,5,6,5,5,NA,NA,NA,NA,NA,NA,NA,NA,NA,NA,NA,2,2,2,3,3,NA,4,3,3,4,2,2,3,4,3,3,5,1,3,3,3,4,3,3,2,3,3,3,3,3,4,3,3,3,3,3
"1129",NA,3,8,7,5,7,2,1,2,0,0,0,0,0,0,0,0,0,0,0,0,1,0,2,"IT",1,NA,NA,2,"ITA","FRE",2,"IL",2,"IT",1,1939,80,3,222,2,12,0,0,0,0,0,1,0,0,0,0,0,NA,2,1,1988,1,NA,1,2,2,NA,0,NA,40,4,2,NA,NA,2,4,2,2,13040,NA,3,0,5,5,2,2,NA,NA,1200,NA,NA,-4,NA,2000,-4,4,-4,4,4,4,3,2,1,2,2,2,2,3,2,3,2,3,1,2,2,2,3,3,3,2,2,2,3,2,3,2,2,2,2,2,2
"1351",180,17,7,7,12,7,4,3,2,0,0,0,0,0,0,0,0,0,0,0,0,1,0,1,NA,1,NA,NA,2,"DUT",NA,1,NA,1,NA,2,1950,69,4,213,2,10,1,0,0,0,0,1,0,0,0,0,0,8,NA,NA,NA,1,NA,2,2,1,5,15,38,40,4,1,2,2,3,1,1,2,11020,NA,55,6,7,7,1,2,2900,NA,1890,NA,0,0,NA,NA,0,0,0,3,3,1,2,2,1,4,2,2,2,4,2,2,3,4,2,3,5,5,3,2,3,3,3,3,3,4,5,3,3,2,3,2,2
"665",600,13,8,7,13,8,6,3,2,0,0,0,0,0,0,0,0,0,0,0,0,1,0,2,"IT",1,NA,NA,2,"DUT","ITA",2,"IT",2,"IT",1,1967,51,4,313,4,12,1,0,0,0,0,0,0,0,0,0,0,NA,NA,NA,NA,1,NA,1,2,1,2,16,38,38,4,1,1,2,1,1,2,1,13040,11020,9,8,8,7,1,2,2800,NA,1850,NA,0,0,NA,NA,0,2,-1,2,3,3,1,1,1,3,2,3,3,4,2,2,3,6,2,3,2,3,4,3,2,2,2,2,4,2,4,2,2,1,1,3,3
"31",60,7,9,7,15,10,7,1,2,0,0,0,0,0,0,0,0,0,0,0,0,1,0,1,NA,1,NA,NA,2,"DUT",NA,1,NA,1,NA,2,1972,46,2,323,4,13,0,0,0,0,1,0,0,0,0,0,0,8,2,1,2012,1,NA,1,4,2,NA,10,38,38,4,1,1,2,2,1,2,1,11021,11020,8,6,6,6,1,2,NA,2,1079,NA,-2,-2,NA,1500,-2,3,-2,3,4,3,3,3,1,1,1,1,4,4,4,4,3,6,1,3,1,3,5,2,2,4,4,1,5,3,6,4,6,1,2,2,1
"549",30,19,6,7,13,6,6,3,2,0,0,0,0,0,0,0,0,0,0,0,0,1,0,1,NA,1,NA,NA,2,"FRE",NA,1,NA,1,NA,1,1954,64,4,313,4,13,0,0,0,0,0,1,0,0,0,0,0,NA,2,1,1988,1,NA,1,2,2,NA,7,40,40,4,1,1,1,2,4,3,2,11020,11022,8,6,6,6,2,2,NA,NA,1200,NA,NA,0,NA,NA,-2,2,-3,1,3,2,2,3,1,2,2,1,4,3,4,4,4,6,3,3,2,2,4,2,2,2,3,3,4,2,4,2,3,2,2,3,3
"743",60,19,9,8,12,8,6,3,2,0,0,0,0,0,0,0,0,0,0,0,0,1,0,1,NA,1,NA,NA,2,"DUT",NA,1,NA,1,NA,2,1966,52,3,610,6,15,1,0,0,0,0,0,0,0,0,0,0,NA,NA,NA,NA,1,NA,1,4,1,13,15,38,45,4,2,NA,NA,3,1,1,1,11020,11021,9,8,5,8,1,2,4750,NA,2700,NA,0,0,NA,NA,0,0,-2,0,3,3,2,4,2,3,2,2,4,3,4,3,3,3,3,3,2,4,4,2,3,3,3,3,2,3,4,2,3,3,1,3,3
"1052",90,20,7,6,14,8,4,3,2,0,0,0,0,0,0,0,0,0,0,0,0,1,0,1,NA,1,NA,NA,2,"DUT",NA,1,NA,1,NA,2,1950,68,4,610,6,14,0,0,0,0,0,1,0,0,0,0,0,8,2,1,2008,1,NA,1,3,2,NA,14,24,48,3,1,2,2,2,4,1,2,11020,NA,9,8,7,6,2,2,NA,NA,2000,NA,NA,0,NA,NA,0,2,-2,0,3,4,3,4,3,4,4,1,4,4,4,4,2,3,2,4,2,2,2,1,2,2,1,2,4,2,6,2,2,1,1,4,1
"1715",240,10,0,6,13,2,7,3,2,0,0,0,0,0,0,0,0,0,0,0,0,1,0,1,NA,1,NA,NA,2,"FRE",NA,1,NA,2,"IT",2,1975,43,1,222,2,10,0,0,1,0,0,0,0,0,0,0,0,NA,2,1,2016,1,NA,2,1,2,NA,5,32,32,4,1,1,1,3,5,4,2,11020,11022,5,5,7,3,3,2,NA,NA,960,NA,NA,-2,NA,1200,2,3,4,4,3,4,3,3,1,1,2,1,4,3,4,3,4,4,1,2,3,3,5,1,2,2,3,1,2,2,2,2,2,2,3,4,2
"1172",240,17,8,9,15,5,6,3,2,0,0,0,0,0,0,0,0,0,0,0,0,1,0,1,NA,1,NA,NA,2,"DUT",NA,1,NA,1,NA,2,2001,17,3,222,2,11,1,1,0,0,0,0,0,0,0,0,0,2,NA,NA,NA,1,NA,2,1,2,NA,12,8,8,4,2,NA,NA,3,8,1,2,11020,11021,8,8,6,5,1,2,370,NA,370,NA,0,0,NA,NA,-1,3,-3,0,3,3,2,2,1,2,3,1,3,4,3,2,4,4,2,3,3,3,5,2,3,1,2,3,2,2,3,4,3,1,3,4,2
"797",30,7,7,10,3,6,6,1,2,0,0,0,0,0,0,0,0,0,0,0,0,1,0,1,NA,2,"8888",1996,2,"ZXX","FRE",2,"8888",2,"8888",4,1954,64,1,0,1,1,0,0,0,1,1,0,0,0,0,0,0,5,2,2,NA,NA,NA,NA,NA,NA,NA,NA,NA,NA,NA,1,1,1,3,6,4,2,31130,31990,0,5,10,6,3,2,NA,NA,600,NA,NA,-1,NA,850,-1,0,-1,1,4,NA,NA,4,1,2,1,1,2,2,2,2,NA,NA,2,2,2,2,2,2,2,2,2,2,2,2,2,2,2,2,2,1,2
"1151",30,9,9,9,6,9,6,2,2,0,0,0,0,0,0,0,0,0,0,0,0,1,0,1,NA,1,NA,NA,2,"DUT","FRE",1,NA,1,NA,1,1957,62,3,610,6,15,0,0,0,0,1,0,0,0,0,0,0,NA,2,1,2014,2,1,NA,1,1,1,20,168,168,4,2,NA,NA,3,2,1,2,11020,11021,10,0,6,4,1,2,3000,NA,2200,NA,0,0,NA,NA,0,0,0,0,4,4,2,2,2,4,2,2,4,2,4,4,1,2,2,2,2,5,1,2,1,2,1,2,2,1,5,1,3,2,2,2,1
"810",180,15,7,7,15,7,5,2,2,0,0,0,0,0,0,0,0,0,0,0,0,1,0,1,NA,1,NA,NA,2,"FRE",NA,1,NA,1,NA,2,1958,60,3,421,5,13,0,0,0,0,1,0,0,0,0,0,0,NA,2,1,2015,1,NA,3,1,2,NA,12,50,50,1,1,1,2,3,6,2,2,11020,11021,6,8,4,3,3,2,NA,NA,900,NA,NA,-4,NA,1200,-4,3,3,2,3,4,2,4,2,2,2,2,4,4,4,4,3,6,1,4,1,2,3,1,1,2,2,1,3,1,4,3,4,1,1,1,2
"1596",NA,5,7,3,13,10,4,3,2,0,0,0,0,0,0,0,0,0,0,0,0,1,0,1,NA,1,NA,NA,2,"DUT",NA,1,NA,1,NA,1,1933,85,3,113,1,8,0,0,0,0,0,1,0,0,0,0,0,NA,2,1,1965,1,NA,1,3,2,NA,0,40,40,4,1,2,2,2,4,1,2,11020,11021,0,1,0,0,2,2,NA,NA,NA,NA,NA,0,NA,NA,-1,4,0,0,4,1,1,2,1,2,1,4,4,5,1,3,3,4,1,6,2,5,1,6,2,2,5,2,5,3,6,6,6,1,1,3,1
"961",120,14,7,6,11,8,7,3,2,0,0,0,0,0,0,0,0,0,0,0,0,1,0,1,NA,1,NA,NA,2,"DUT",NA,1,NA,1,NA,3,1991,27,2,323,4,14,1,0,0,0,0,0,0,0,0,0,0,1,NA,NA,NA,1,NA,1,1,1,4,13,35,35,4,2,NA,NA,3,1,1,1,11021,NA,7,3,6,4,1,2,2000,NA,1600,NA,0,0,NA,NA,-2,0,-2,2,3,4,2,2,2,4,3,4,3,2,2,3,3,3,3,2,2,3,4,4,4,2,2,3,2,3,3,4,3,2,4,2,3
"1308",NA,13,8,3,9,8,3,1,2,0,0,0,0,0,0,0,0,0,0,0,0,1,0,1,NA,1,NA,NA,2,"DUT","FRE",1,NA,1,NA,2,1935,83,1,222,2,11,0,0,0,0,0,1,0,0,0,0,0,NA,2,1,1980,1,NA,1,3,2,NA,9,40,40,4,2,NA,NA,3,4,2,2,11020,11021,7,3,5,5,2,2,NA,NA,610,NA,NA,-4,NA,1300,-2,NA,NA,4,3,3,2,2,1,4,1,1,5,4,1,1,3,6,3,4,5,5,6,3,1,5,6,1,6,5,6,1,6,1,3,2,6
"334",120,17,7,7,15,8,5,2,2,0,0,0,0,0,0,0,0,0,0,0,0,1,0,1,NA,1,NA,NA,2,"DUT","FRE",1,NA,1,NA,3,1971,48,5,323,4,13,1,0,0,0,0,0,0,0,0,0,0,1,NA,NA,NA,2,8,NA,1,1,8,20,0,65,5,2,NA,NA,3,2,2,2,11021,11020,10,6,6,6,1,2,3500,NA,2000,NA,0,-2,NA,2500,-2,0,-3,3,3,2,2,1,1,2,2,2,3,3,3,3,3,4,3,3,2,2,4,2,3,3,1,2,2,3,4,3,2,1,2,1,3
"1706",120,15,7,7,12,6,3,3,2,0,0,0,0,0,0,0,0,0,0,0,0,1,0,1,NA,1,NA,NA,2,"FRE",NA,1,NA,1,NA,5,1980,39,4,423,5,16,1,0,0,0,0,0,0,0,0,0,0,NA,NA,NA,NA,2,2,NA,1,1,2,12,NA,50,4,2,NA,NA,3,2,2,2,11020,NA,5,5,5,5,1,2,2500,NA,1700,NA,-2,0,2000,NA,0,0,-2,-2,3,3,2,2,2,2,2,3,3,2,2,3,2,3,3,2,2,2,3,2,2,3,3,2,3,2,2,3,2,3,3,2,3
"1292",300,18,8,7,15,8,6,3,2,0,0,0,0,0,0,0,0,0,0,0,0,1,0,1,NA,1,NA,NA,2,"DUT","FRE",1,NA,1,NA,3,1986,32,1,610,6,16,1,0,0,0,0,0,0,0,0,0,0,NA,NA,NA,NA,1,NA,1,1,2,NA,16,38,45,2,2,NA,NA,1,1,1,1,11020,11021,8,8,5,5,1,2,3000,NA,1700,NA,0,0,NA,NA,0,-3,-3,3,4,3,4,4,3,1,2,3,4,4,4,4,3,3,2,1,2,3,3,2,3,1,3,1,2,3,4,2,2,1,2,1,1
"93",120,10,7,8,14,7,7,3,2,0,0,0,0,0,0,0,0,0,0,0,0,1,0,1,NA,1,NA,NA,2,"DUT",NA,1,NA,1,NA,2,1964,54,4,610,6,14,1,0,0,0,0,0,0,0,0,0,0,NA,NA,NA,NA,1,NA,1,4,2,NA,20,32,34,4,2,NA,NA,3,1,2,2,11021,11020,10,3,7,7,1,2,3500,NA,2100,NA,0,0,NA,NA,0,3,-2,4,4,3,3,2,1,2,1,3,5,3,5,5,1,4,2,2,1,3,4,2,2,1,1,1,3,1,6,2,3,1,2,1,1
"1739",240,20,8,8,15,8,6,3,2,0,0,0,0,0,0,0,0,0,0,0,0,1,0,1,NA,1,NA,NA,2,"DUT",NA,2,"NL",1,NA,3,1972,46,1,321,3,11,1,0,0,0,0,0,0,0,0,0,0,NA,NA,NA,NA,2,0,NA,1,1,5,18,NA,50,4,2,NA,NA,2,2,1,1,11020,NA,10,7,10,7,1,2,5000,NA,2500,NA,0,-2,NA,3000,0,0,-2,1,4,3,3,3,2,5,1,1,5,1,1,2,2,3,1,2,6,1,4,2,3,2,2,2,1,3,1,1,3,1,1,3,1
"1324",150,4,4,8,13,4,5,3,2,0,0,0,0,0,0,0,0,0,0,0,0,1,0,1,NA,1,NA,NA,2,"FRE",NA,1,NA,1,NA,3,1984,34,4,321,3,4,1,0,0,0,0,0,0,0,0,0,0,NA,NA,NA,NA,1,NA,2,4,2,NA,0,38,45,4,1,2,1,1,1,3,2,11020,11022,8,4,8,4,1,2,2200,NA,1700,NA,-1,-1,2500,2000,0,-3,-2,-2,4,2,2,1,4,2,2,2,4,4,4,3,3,4,3,3,2,2,3,3,3,2,3,2,2,2,4,3,4,2,3,3,2
"714",NA,20,8,5,11,9,5,1,2,0,0,0,0,0,0,0,0,0,0,0,0,1,0,1,NA,1,NA,NA,2,"DUT",NA,2,"NL",1,NA,5,1950,68,5,610,6,14,0,0,0,0,1,1,0,0,0,0,0,5,2,1,2014,1,NA,1,4,1,500,18,NA,70,2,2,NA,NA,2,1,2,2,11021,11020,8,3,7,4,2,2,NA,NA,2850,NA,NA,-2,NA,3500,-2,-2,-2,0,3,4,2,2,1,4,2,2,4,4,4,5,2,4,5,2,3,1,1,2,4,4,1,1,1,2,5,3,2,1,3,4,6
"610",10,16,9,6,9,9,6,3,2,0,0,0,0,0,0,0,0,0,0,0,0,1,0,1,NA,1,NA,NA,2,"FRE",NA,1,NA,1,NA,2,1947,71,2,323,4,14,0,0,0,0,0,1,0,0,0,0,0,NA,2,1,1999,1,NA,1,5,1,50,11,56,45,4,2,NA,NA,3,4,2,2,11020,NA,7,7,8,8,2,2,NA,NA,2100,NA,NA,-2,NA,3000,NA,3,-1,0,3,3,4,2,1,5,3,4,5,1,2,2,3,4,2,3,1,2,1,2,2,2,1,1,3,1,4,2,2,1,1,3,3
"1306",60,20,7,7,15,7,6,3,2,0,0,0,0,0,0,0,0,0,0,0,0,1,0,1,NA,1,NA,NA,2,"DUT",NA,1,NA,1,NA,4,1985,34,4,610,6,16,1,0,0,0,0,0,0,0,0,0,0,1,NA,NA,NA,1,NA,1,3,1,6,18,38,38,2,2,NA,NA,3,1,1,1,11020,11021,10,7,6,6,1,2,NA,6,NA,4,-2,-2,NA,2400,-2,3,-4,3,4,3,3,2,2,4,3,2,5,4,5,5,4,6,3,6,5,3,5,1,2,2,3,1,5,5,5,5,5,1,2,2,2
"1265",630,13,8,6,10,9,6,3,2,0,0,0,0,0,0,0,0,0,0,0,0,1,0,1,NA,1,NA,NA,2,"FRE",NA,1,NA,1,NA,3,1979,39,4,720,7,17,1,0,0,0,0,0,0,0,0,0,0,NA,NA,NA,NA,1,NA,1,4,2,NA,11,38,32,4,2,NA,NA,3,1,1,1,11022,11020,8,7,6,6,1,2,NA,6,2200,NA,0,-2,NA,2500,-2,0,-2,2,4,4,2,1,1,5,2,2,4,4,4,4,2,4,2,3,2,3,4,2,1,3,3,2,3,2,3,3,4,2,3,2,3
"33",240,20,NA,8,14,9,5,3,2,0,0,0,0,0,0,0,0,0,0,0,0,1,0,2,"IT",1,NA,NA,2,"FRE","ITA",2,"IT",2,"IT",3,2002,16,4,113,1,6,0,1,0,0,0,0,0,0,0,0,0,NA,2,2,NA,NA,NA,NA,NA,NA,NA,NA,NA,NA,NA,2,NA,NA,3,1,1,2,11020,13040,55,NA,NA,NA,NA,NA,NA,NA,NA,NA,NA,NA,NA,NA,NA,0,-3,0,2,3,3,2,3,2,1,3,3,2,3,2,2,4,2,2,3,2,4,2,2,2,4,2,4,3,1,2,5,2,2,2,2
"1020",300,16,9,6,12,9,6,3,2,0,0,0,0,0,0,0,0,0,0,0,0,1,0,1,NA,1,NA,NA,2,"DUT","FRE",1,NA,1,NA,4,1982,36,4,421,5,13,1,0,0,0,0,0,0,0,0,0,0,NA,NA,NA,NA,1,NA,1,2,2,NA,18,38,46,4,2,NA,NA,1,1,1,1,11021,11020,9,9,9,9,1,2,3800,NA,2400,NA,-1,-1,4200,2600,-1,0,-1,3,4,4,4,4,1,2,2,3,3,3,2,2,3,4,3,2,4,3,2,2,2,3,2,2,2,2,2,3,2,2,2,2,2
"1713",270,14,7,8,12,9,7,1,2,0,0,0,0,0,0,0,0,0,0,0,0,1,0,1,NA,1,NA,NA,2,"FRE",NA,1,NA,1,NA,4,2003,15,4,113,1,10,0,1,0,0,0,0,0,0,0,0,0,NA,2,2,NA,NA,NA,NA,NA,NA,NA,NA,NA,NA,NA,2,NA,NA,3,1,2,1,11020,NA,7,9,8,7,NA,NA,NA,NA,NA,NA,NA,NA,NA,NA,NA,3,-3,-1,2,3,1,1,1,2,2,2,4,2,2,2,3,4,2,5,2,2,3,2,3,2,3,2,5,3,NA,3,3,2,3,4,2
"437",240,23,8,9,15,8,7,1,2,0,0,0,0,0,0,0,0,0,0,0,0,1,0,1,NA,1,NA,NA,2,"DUT",NA,1,NA,1,NA,2,1979,39,5,610,6,16,0,0,0,0,1,0,0,0,0,0,0,NA,2,1,2018,1,NA,2,1,1,3,16,38,38,4,1,2,1,1,6,4,2,11020,11021,10,3,3,3,1,2,1750,NA,1500,NA,-3,-3,3000,2300,1,0,-4,-2,4,3,3,3,1,4,2,2,5,2,2,2,2,3,1,3,2,1,1,1,2,1,2,3,3,2,4,3,3,1,4,3,3
"1744",120,17,8,8,14,8,6,3,2,0,0,0,0,0,0,0,0,0,0,0,0,1,0,1,NA,1,NA,NA,2,"DUT",NA,1,NA,1,NA,5,1981,37,4,313,4,13,1,0,0,0,0,0,0,0,0,0,0,1,NA,NA,NA,1,NA,1,3,2,NA,6,40,40,4,2,NA,NA,1,1,2,1,11020,11021,8,7,2,2,1,2,5000,NA,3000,NA,0,0,NA,NA,0,3,-2,4,4,3,2,3,3,2,3,1,5,4,4,4,3,4,2,4,4,5,3,2,2,2,2,2,5,5,5,2,4,2,2,4,2
"86",300,14,6,5,10,7,6,3,2,0,0,0,0,0,0,0,0,0,0,0,0,1,0,1,NA,1,NA,NA,2,"FRE",NA,1,NA,1,NA,5,1996,22,3,313,4,19,0,0,0,0,0,0,0,1,0,0,0,NA,2,2,NA,NA,NA,NA,NA,NA,NA,NA,NA,NA,NA,2,NA,NA,3,1,2,2,11020,NA,5,5,5,5,NA,NA,NA,NA,NA,NA,NA,NA,NA,NA,NA,3,-1,-1,4,4,3,3,2,4,2,2,3,3,2,2,2,2,2,2,2,2,2,2,2,5,2,2,2,3,3,3,2,3,2,2,2
"217",60,18,7,4,11,7,4,3,2,0,0,0,0,0,0,0,0,0,0,0,0,1,0,1,NA,1,NA,NA,2,"FRE",NA,1,NA,1,NA,1,1953,65,4,720,7,16,0,0,0,0,0,1,0,0,0,0,0,NA,2,1,2018,1,NA,1,4,1,110,14,38,40,3,2,NA,NA,2,4,1,2,11020,NA,8,7,7,7,2,2,NA,NA,3000,NA,NA,0,NA,NA,0,-1,-1,1,4,2,1,1,1,2,2,2,4,4,3,3,3,6,2,5,3,2,5,2,2,2,2,2,5,3,5,2,3,2,2,3,3
"792",NA,24,10,7,8,10,7,2,2,0,0,0,0,0,0,0,0,0,0,0,0,1,0,1,NA,1,NA,NA,2,"DUT",NA,1,NA,1,NA,1,1958,61,4,321,3,13,0,0,0,0,1,0,0,0,0,0,0,NA,2,1,1998,1,NA,1,2,2,NA,8,NA,NA,NA,1,2,2,3,6,1,2,11021,11020,7,NA,6,6,3,2,NA,NA,NA,9,NA,0,NA,NA,0,2,-2,-1,4,4,3,3,1,3,3,2,4,3,3,NA,5,1,5,4,2,1,2,5,4,2,4,3,6,3,5,1,1,1,2,1,4
"805",NA,11,5,5,9,7,6,2,2,0,0,0,0,0,0,0,0,0,0,0,0,1,0,1,NA,1,NA,NA,2,"DUT",NA,1,NA,1,NA,2,1953,65,4,113,1,8,0,0,0,0,1,1,0,0,0,0,0,6,2,1,2010,1,NA,1,4,2,NA,6,38,38,3,2,NA,NA,2,4,2,2,11021,11020,6,NA,NA,7,2,2,NA,NA,1300,NA,NA,-1,NA,NA,-1,3,-1,NA,3,3,3,NA,NA,NA,2,NA,NA,NA,3,3,3,5,2,4,2,5,2,3,2,4,2,2,4,2,5,2,3,2,2,3,4
"108",180,23,8,6,13,8,7,3,2,0,0,0,0,0,0,0,0,0,0,0,0,1,0,1,NA,1,NA,NA,2,"DUT","FRE",1,NA,1,NA,4,1984,35,4,323,4,12,1,0,0,0,0,0,0,0,0,0,0,NA,NA,NA,NA,1,NA,1,1,2,NA,8,168,168,4,1,1,2,2,1,2,1,11020,11021,7,7,5,3,1,2,2600,NA,1750,NA,0,0,NA,NA,-1,2,-3,3,3,3,3,3,3,2,2,2,4,4,4,3,2,3,2,2,2,3,2,2,3,2,2,2,2,2,4,2,3,2,2,2,2
"271",45,13,9,4,7,8,5,2,2,0,0,0,0,0,0,0,0,0,0,0,0,1,0,1,NA,1,NA,NA,2,"FRE","DUT",1,NA,1,NA,2,1935,83,2,313,4,18,0,0,0,0,0,1,0,0,0,0,0,NA,2,1,1987,1,NA,1,5,1,250,16,40,35,4,2,NA,NA,3,4,2,2,11020,11022,9,3,3,3,2,2,NA,NA,2100,NA,NA,-3,NA,4000,-3,3,-3,-2,3,4,3,3,1,2,2,2,4,2,5,5,3,5,2,5,3,5,5,2,2,1,1,3,5,3,6,3,4,1,2,3,2
"1294",120,17,10,9,NA,10,5,3,2,0,0,0,0,0,0,0,0,0,0,0,0,1,0,2,"TN",2,"TN",2015,2,"ARA",NA,2,"TN",2,"TN",3,1991,27,3,222,2,12,1,0,0,0,0,0,0,0,0,0,0,1,NA,NA,NA,1,NA,1,2,2,NA,2,NA,30,4,2,NA,NA,3,1,2,2,21200,NA,2,5,6,8,1,2,NA,NA,NA,NA,0,0,NA,NA,0,3,-2,-1,2,4,4,4,1,1,2,3,4,2,2,3,3,5,1,3,3,3,2,1,2,3,4,1,5,4,5,2,1,1,3,1,3
"751",600,17,8,8,12,8,7,3,1,0,0,1,0,1,0,0,0,0,0,0,0,0,0,1,NA,2,"MA",1970,1,"DUT",NA,2,"MA",2,"MA",2,1969,49,3,610,6,17,1,0,0,0,0,0,0,0,0,0,0,1,NA,NA,NA,1,NA,1,4,1,24,14,38,40,1,2,NA,NA,3,1,1,1,21130,NA,10,9,9,9,1,2,4800,NA,2400,NA,0,0,NA,NA,0,0,0,-2,4,2,1,1,1,4,2,2,4,2,2,4,2,4,2,2,4,2,3,2,2,2,2,2,2,3,3,4,5,3,4,3,3
"209",180,19,8,8,14,8,6,3,2,0,0,0,0,0,0,0,0,0,0,0,0,1,0,1,NA,1,NA,NA,2,"DUT",NA,1,NA,1,NA,2,1982,37,4,321,3,13,0,0,1,0,0,0,0,0,0,0,0,NA,2,1,2018,1,NA,1,1,2,NA,18,38,55,4,2,NA,NA,1,1,3,2,11021,11020,7,6,4,4,NA,NA,NA,NA,NA,NA,NA,NA,NA,NA,NA,0,-2,2,4,4,3,4,2,2,2,3,4,4,4,4,3,5,2,4,2,3,4,2,2,2,3,2,4,2,3,4,3,2,1,4,2
"1007",180,22,8,7,15,8,6,3,2,0,0,0,0,0,0,0,0,0,0,0,0,1,0,1,NA,1,NA,NA,2,"DUT",NA,1,NA,1,NA,4,2001,17,4,213,2,11,0,1,0,0,0,0,0,0,0,0,0,NA,2,2,NA,NA,NA,NA,NA,NA,NA,NA,NA,NA,NA,2,NA,NA,3,2,1,2,11021,11020,9,4,4,6,NA,NA,NA,NA,NA,NA,NA,NA,NA,NA,NA,1,-3,2,4,3,2,2,2,4,2,4,5,2,2,2,2,3,2,2,3,3,4,3,3,2,2,3,2,3,3,2,2,1,3,2,2
"1362",NA,21,4,8,5,7,2,3,2,0,0,0,0,0,0,0,0,0,0,0,0,1,0,2,"MA",2,"MA",2011,2,"ARA","FRE",2,"MA",2,"MA",1,1985,33,2,113,1,7,0,0,0,1,0,0,0,0,0,0,0,NA,2,1,2017,1,NA,3,NA,2,NA,0,NA,18,1,1,1,1,3,6,4,2,21130,NA,55,1,2,2,3,2,NA,NA,750,NA,NA,-2,NA,1000,-1,3,0,1,4,4,3,3,NA,2,2,1,1,5,1,2,5,6,1,6,2,5,3,3,2,5,5,3,5,2,5,2,3,3,4,1,5
"1633",NA,16,8,7,15,7,6,3,2,0,0,0,0,0,0,0,0,0,0,0,0,1,0,1,NA,1,NA,NA,2,"DUT",NA,1,NA,1,NA,2,1947,71,4,213,2,8,0,0,0,0,0,1,0,0,0,0,0,NA,2,1,2007,1,NA,3,2,2,NA,11,40,40,3,2,NA,NA,3,4,2,2,11020,11040,8,6,6,6,2,2,NA,NA,1000,NA,NA,2,NA,1500,2,0,3,-2,3,4,2,2,2,1,2,1,4,3,1,3,5,4,2,5,1,3,2,4,2,2,2,1,4,1,4,2,3,1,2,2,2
"1608",270,16,10,6,15,10,6,3,2,0,0,0,0,0,0,0,0,0,0,0,0,1,0,2,"MK",2,"MK",2002,2,"FRE","MAC",2,"MK",2,"MK",4,2000,18,1,313,4,12,0,0,0,0,0,0,0,1,0,0,0,NA,1,NA,NA,1,NA,2,4,2,NA,0,NA,NA,4,2,NA,NA,3,5,3,2,11020,14060,55,7,5,4,3,2,NA,NA,240,NA,NA,-1,NA,350,0,0,-2,1,2,3,4,3,1,4,2,2,3,4,2,2,3,5,1,3,1,2,3,2,3,2,2,1,1,1,2,3,4,1,1,3,2
"1589",30,17,8,3,14,8,4,3,2,0,0,0,0,0,0,0,0,0,0,0,0,1,0,1,NA,1,NA,NA,2,"FRE",NA,1,NA,1,NA,5,1967,51,3,710,7,18,1,0,0,0,0,0,0,0,0,0,0,NA,NA,NA,NA,1,NA,1,4,1,6,16,38,45,3,2,NA,NA,3,1,2,1,11020,11021,7,7,7,4,1,2,5000,NA,3000,NA,0,-1,NA,3500,0,0,0,-1,4,4,2,4,3,2,3,2,4,4,2,2,3,4,2,3,3,3,4,3,3,2,2,3,3,3,3,3,3,1,2,2,2
"568",210,16,8,7,15,9,5,3,2,0,0,0,0,0,0,0,0,0,0,0,0,1,0,1,NA,1,NA,NA,2,"FRE",NA,1,NA,1,NA,1,1960,59,1,610,6,19,0,0,1,0,0,0,0,0,0,0,0,NA,2,1,2016,1,NA,1,5,1,2,9,38,10,2,2,NA,NA,1,5,3,2,11020,11023,7,3,3,3,3,2,NA,NA,1700,NA,NA,0,NA,NA,1,3,-3,3,4,3,NA,3,2,2,1,2,5,3,5,5,1,6,3,3,1,1,1,1,1,1,1,1,4,2,5,1,1,1,1,1,2
"1747",180,21,8,7,14,8,6,3,2,0,0,0,0,0,0,0,0,0,0,0,0,1,0,2,"NL",2,"NL",1979,2,"DUT",NA,2,"NL",2,"NL",2,1965,53,4,610,6,14,1,0,0,0,0,0,0,0,0,0,0,NA,NA,NA,NA,2,1,NA,1,1,1,20,NA,55,5,2,NA,NA,3,2,1,1,11040,11020,8,8,8,7,1,2,NA,8,NA,6,0,0,NA,NA,0,0,0,0,4,4,2,2,1,4,2,2,4,2,2,4,2,3,2,2,2,2,2,2,2,2,1,2,3,2,2,1,4,2,2,2,2
"1704",60,15,7,8,13,8,5,2,2,0,0,0,0,0,0,0,0,0,0,0,0,1,0,1,NA,1,NA,NA,2,"DUT",NA,1,NA,1,NA,5,1979,39,4,323,4,13,1,0,0,0,0,0,0,0,0,0,0,1,NA,NA,NA,2,0,NA,1,2,NA,20,NA,65,4,2,NA,NA,3,7,2,1,11021,11020,8,8,7,5,1,2,0,NA,1250,NA,NA,-1,NA,2000,0,3,-3,4,3,3,3,2,4,4,2,3,4,2,2,3,3,3,3,3,2,3,3,2,3,2,3,3,2,1,3,3,3,2,2,1,2
"1458",NA,15,8,7,13,8,6,2,2,0,0,0,0,0,0,0,0,0,0,0,0,1,0,1,NA,1,NA,NA,2,"FRE","WLN",1,NA,1,NA,1,1936,82,4,213,2,10,0,0,0,0,0,1,0,0,0,0,0,NA,2,1,1994,1,NA,1,5,1,7,7,40,40,1,2,NA,NA,1,4,1,2,11020,NA,5,8,4,4,2,2,NA,NA,1600,NA,NA,2,NA,2000,-1,-2,3,2,2,3,4,1,1,2,3,3,5,4,4,2,3,5,1,3,3,3,6,2,1,3,2,1,3,1,3,3,4,1,1,1,3
"768",60,16,9,7,12,8,6,3,2,0,0,0,0,0,0,0,0,0,0,0,0,1,0,1,NA,1,NA,NA,2,"DUT","CHE",1,NA,1,NA,4,1975,43,4,321,3,12,1,0,0,0,0,0,0,0,0,0,0,NA,NA,NA,NA,1,NA,1,2,2,NA,11,38,70,4,2,NA,NA,1,1,1,2,11020,NA,8,8,6,7,1,2,4800,NA,3750,NA,2,2,4700,3700,1,3,0,0,4,3,3,2,1,4,2,4,4,2,2,3,3,5,2,4,5,1,2,2,2,2,2,1,3,4,1,4,2,1,2,1,2
"201",180,23,10,9,14,9,5,3,2,0,0,0,0,0,0,0,0,0,0,0,0,1,0,1,NA,1,NA,NA,2,"DUT",NA,1,NA,1,NA,4,1993,25,4,321,3,12,1,0,0,0,0,0,0,0,0,0,0,NA,NA,NA,NA,1,NA,1,2,2,NA,4,27,30,4,2,NA,NA,1,1,2,2,11020,11021,9,5,6,5,1,2,NA,2,NA,2,-1,-1,NA,NA,-1,0,0,NA,4,3,4,4,1,2,2,2,4,3,2,4,1,6,2,1,1,1,1,1,1,2,4,1,2,2,4,2,3,2,1,2,1
"916",270,18,7,5,6,8,5,3,2,0,0,0,0,0,0,0,0,0,0,0,0,1,0,1,NA,1,NA,NA,2,"FRE",NA,1,NA,1,NA,4,1983,35,2,610,6,16,1,0,0,0,0,0,0,0,0,0,0,NA,NA,NA,NA,1,NA,1,1,2,NA,12,24,30,2,2,NA,NA,3,1,2,2,11020,NA,9,7,8,7,1,2,1800,NA,1420,NA,-1,-2,NA,NA,-1,2,0,-1,4,4,1,2,2,4,4,2,4,4,3,3,1,5,1,4,1,3,5,1,1,3,2,1,2,2,4,2,3,1,1,1,4
"1378",360,6,4,7,12,5,5,3,2,0,0,0,0,0,0,0,0,0,0,0,0,1,0,2,"DE",2,"DE",1997,2,"GER","FRE",2,"DE",2,"DE",4,1997,21,4,313,4,15,0,0,0,0,0,0,0,1,0,0,0,NA,2,2,NA,NA,NA,NA,NA,NA,NA,NA,NA,NA,NA,2,NA,NA,3,1,2,1,11070,NA,7,6,6,6,NA,NA,NA,NA,NA,NA,NA,NA,NA,NA,NA,2,-3,3,4,4,2,2,1,1,3,4,5,4,5,5,1,3,1,2,3,1,5,1,4,3,1,2,1,1,1,4,5,1,4,6,2
"1381",720,17,9,7,10,9,5,3,2,0,0,0,0,0,0,0,0,0,0,0,0,1,0,1,NA,1,NA,NA,2,"FRE","POR",2,"CG",2,"AO",8,2000,18,3,222,2,13,0,0,0,0,0,0,0,0,0,1,0,NA,2,2,NA,NA,NA,NA,NA,NA,NA,NA,NA,NA,NA,2,NA,NA,3,1,2,2,11020,31110,9,8,8,8,NA,NA,NA,NA,NA,NA,NA,NA,NA,NA,NA,3,-2,-4,3,3,2,3,2,2,3,1,2,3,2,3,2,2,1,2,4,2,3,6,4,2,3,2,2,3,1,3,2,1,3,5,1
"1373",60,13,7,7,12,8,1,3,2,0,0,0,0,0,0,0,0,0,0,0,0,1,0,1,NA,1,NA,NA,2,"FRE",NA,1,NA,1,NA,6,1978,41,3,222,2,12,0,0,0,1,0,0,0,0,0,0,0,NA,2,1,1996,1,NA,1,2,2,NA,0,38,38,4,1,1,1,1,5,4,2,11020,NA,3,3,2,1,3,2,NA,NA,2300,NA,NA,-3,NA,3000,-4,3,-3,3,2,2,1,1,1,2,2,1,2,2,2,2,5,3,3,2,3,2,3,2,3,2,2,3,2,2,3,2,3,2,3,2,2
"1611",NA,13,7,7,12,8,4,2,2,0,0,0,0,0,0,0,0,0,0,0,0,1,0,1,NA,1,NA,NA,2,"FRE",NA,1,NA,1,NA,2,1938,81,3,213,2,15,0,0,0,0,0,1,0,0,0,0,0,NA,2,1,1996,1,NA,1,3,2,NA,0,NA,36,1,2,NA,NA,3,4,2,2,11020,NA,5,5,5,5,2,2,NA,NA,NA,7,NA,0,NA,NA,0,0,-3,3,3,3,3,2,1,2,2,2,2,2,2,2,2,3,2,1,3,3,3,3,2,3,3,3,2,3,3,3,3,2,3,3,3
"1538",300,15,8,2,15,8,7,3,2,0,0,0,0,0,0,0,0,0,0,0,0,1,0,1,NA,1,NA,NA,2,"DUT",NA,1,NA,1,NA,4,2000,18,4,323,4,12,0,1,0,0,0,0,0,0,0,0,0,NA,2,2,NA,NA,NA,NA,NA,NA,NA,NA,NA,NA,NA,2,NA,NA,3,1,1,2,11020,NA,55,7,7,4,NA,NA,NA,NA,NA,NA,NA,NA,NA,NA,NA,0,-1,2,4,4,3,2,2,3,1,2,4,4,3,2,1,4,1,3,4,4,3,2,3,2,3,3,3,2,4,2,3,1,2,4,1
"116",180,21,8,6,13,8,6,3,2,0,0,0,0,0,0,0,0,0,0,0,0,1,0,1,NA,1,NA,NA,2,"DUT",NA,2,"GR",2,"GR",4,1964,54,3,323,4,14,1,0,0,0,0,0,0,0,0,0,0,NA,NA,NA,NA,1,NA,1,3,1,15,12,40,41,4,2,NA,NA,1,1,1,1,11020,11021,5,7,5,5,1,2,3400,NA,2100,NA,0,-2,NA,2600,0,3,-4,3,4,4,3,2,2,2,1,1,4,2,2,2,2,4,1,5,1,3,1,2,1,3,1,1,2,1,4,1,3,1,1,2,2
"643",NA,12,7,8,8,8,5,3,2,0,0,0,0,0,0,0,0,0,0,0,0,1,0,1,NA,1,NA,NA,2,"FRE",NA,1,NA,1,NA,2,1959,60,4,610,6,19,1,0,0,0,0,0,0,0,0,0,0,NA,NA,NA,NA,2,2,NA,1,1,2,20,50,50,4,2,NA,NA,3,2,2,2,11020,NA,7,5,6,6,1,2,NA,4,NA,4,0,0,NA,NA,0,3,-3,2,4,4,4,4,2,3,4,2,2,2,3,4,2,3,2,4,2,3,2,3,2,3,3,2,3,2,3,2,3,2,3,2,3
"879",120,17,7,7,14,7,2,3,2,0,0,0,0,0,0,0,0,0,0,0,0,1,0,1,NA,1,NA,NA,2,"FRE",NA,1,NA,1,NA,4,1966,53,4,313,4,12,1,0,0,0,0,0,0,0,0,0,0,NA,NA,NA,NA,1,NA,1,5,1,3,10,40,40,4,2,NA,NA,3,1,2,1,11022,11020,8,5,5,5,1,2,NA,4,2000,NA,0,0,NA,NA,0,0,0,0,2,2,2,2,2,3,3,3,5,2,3,3,2,5,2,2,2,2,2,2,2,2,2,2,2,2,5,2,2,2,2,2,2
"1446",180,12,8,7,10,8,6,3,2,0,0,0,0,0,0,0,0,0,0,0,0,1,0,1,NA,1,NA,NA,2,"DUT",NA,1,NA,1,NA,3,1987,31,4,321,3,11,1,0,0,0,0,0,0,0,0,0,0,NA,NA,NA,NA,1,NA,1,2,2,NA,14,38,38,4,2,NA,NA,3,1,2,2,11020,11050,7,8,6,5,1,2,1600,NA,1300,NA,0,0,NA,NA,0,-2,0,2,4,3,3,4,2,2,2,2,3,4,2,2,3,4,2,3,4,3,2,2,5,2,3,2,4,4,2,2,2,2,2,2,2
"1022",120,20,8,NA,11,8,7,3,2,0,0,0,0,0,0,0,0,0,0,0,0,1,0,2,"MA",2,"MA",2008,2,"ARA","FRE",2,"MA",2,"MA",2,1965,53,3,0,1,4,0,1,0,0,0,0,0,0,0,0,0,2,2,2,NA,NA,NA,NA,NA,NA,NA,NA,NA,NA,NA,2,NA,NA,3,6,3,2,11023,21130,55,0,10,10,NA,NA,NA,NA,NA,NA,NA,NA,NA,NA,NA,4,-4,4,4,4,4,1,1,1,2,2,3,4,2,1,1,5,1,1,1,1,6,1,1,1,1,1,1,1,1,1,1,1,1,1,1
"1257",90,21,8,8,11,8,6,3,2,0,0,0,0,0,0,0,0,0,0,0,0,1,0,1,NA,1,NA,NA,2,"DUT",NA,1,NA,1,NA,1,1932,86,2,710,7,19,0,0,0,0,0,1,0,0,0,0,0,NA,2,1,1951,1,NA,1,5,1,4,13,37,50,4,2,NA,NA,2,4,2,2,11021,11020,8,7,8,7,2,2,NA,NA,1530,NA,NA,0,NA,NA,0,2,-2,2,4,2,2,3,1,4,2,2,5,4,3,4,3,5,3,2,3,3,4,2,3,4,2,2,2,5,4,3,3,2,3,2,4
"1295",NA,11,8,7,10,8,2,2,2,0,0,0,0,0,0,0,0,0,0,0,0,1,0,1,NA,1,NA,NA,2,"FRE",NA,1,NA,1,NA,1,1952,67,3,421,5,16,0,0,0,0,0,1,0,0,0,0,0,NA,2,1,1982,1,NA,1,4,1,4,11,40,40,4,2,NA,NA,2,4,3,2,11020,NA,5,5,5,5,2,2,NA,NA,1600,NA,NA,-2,NA,1250,-2,3,-2,2,2,3,3,3,2,2,2,2,2,2,2,2,2,3,2,3,2,3,2,2,4,3,2,3,2,2,3,2,3,2,2,2,2
"1463",60,15,7,7,10,9,7,3,2,0,0,0,0,0,0,0,0,0,0,0,0,1,0,1,NA,1,NA,NA,2,"FRE",NA,1,NA,1,NA,2,1972,47,4,321,3,15,1,0,0,0,0,0,0,0,0,0,0,NA,NA,NA,NA,1,NA,1,2,2,NA,2,25,40,4,1,1,1,1,1,4,2,11020,NA,6,5,4,4,1,2,1900,NA,1100,NA,-4,-3,2500,1750,-3,2,-2,2,3,3,3,2,2,2,2,3,2,2,2,3,2,2,2,4,2,3,2,3,2,5,3,2,2,4,5,2,4,3,3,2,2
"1221",240,19,9,9,15,8,5,3,2,0,0,0,0,0,0,0,0,0,0,0,0,1,0,1,NA,1,NA,NA,2,"DUT",NA,1,NA,1,NA,4,1974,44,4,620,6,16,1,0,0,0,0,0,0,0,0,0,0,NA,NA,NA,NA,1,NA,1,3,2,NA,12,39,45,4,2,NA,NA,1,1,1,2,11020,11021,6,8,7,6,1,2,3800,NA,2500,NA,1,0,3500,NA,-2,3,-4,3,4,3,3,3,2,2,4,2,5,4,4,5,2,5,1,1,2,2,4,4,2,3,2,2,2,3,4,2,4,1,1,5,2
"1244",NA,13,8,7,7,8,4,3,2,0,0,0,0,0,0,0,0,0,0,0,0,1,0,1,NA,2,"VN",2000,2,"VIE","FRE",2,"VN",2,"VN",2,1955,64,3,222,2,14,0,0,0,0,0,0,0,0,0,0,0,NA,2,1,2014,2,2,NA,1,1,2,18,40,40,4,2,NA,NA,3,4,2,2,42090,11020,0,5,6,7,NA,NA,NA,NA,NA,NA,NA,NA,NA,NA,NA,0,-3,2,3,3,1,1,1,2,2,2,2,2,2,3,3,5,2,3,3,3,3,3,2,3,3,2,3,3,3,3,3,2,2,3,2
"462",600,18,3,2,11,9,2,2,2,0,0,0,0,0,0,0,0,0,0,0,0,1,0,1,NA,1,NA,NA,2,"FRE",NA,2,"HU",2,"HU",5,1969,49,2,720,7,7,0,0,0,0,1,1,0,0,0,0,0,6,2,1,2013,1,NA,1,5,1,5,12,38,44,3,1,1,2,1,1,1,1,11020,11022,10,7,7,6,2,2,NA,NA,750,NA,NA,-4,NA,1100,-3,2,-2,-4,4,4,3,4,4,2,3,2,5,3,4,4,1,3,2,3,4,2,3,2,3,2,1,3,3,4,4,6,4,4,1,4,3
"299",300,7,8,3,12,8,6,2,2,0,0,0,0,0,0,0,0,0,0,0,0,1,0,2,"IT",1,NA,NA,2,"FRE","ITA",2,"IT",1,NA,1,1962,57,2,720,7,19,1,0,0,0,0,0,0,0,0,0,0,NA,NA,NA,NA,1,NA,1,5,2,NA,6,37,38,4,2,NA,NA,3,1,1,1,11020,NA,9,7,4,5,1,2,7000,NA,4000,NA,0,-4,NA,5500,0,0,-2,4,3,2,4,2,2,4,2,4,5,2,5,4,1,6,1,3,5,2,6,3,3,2,1,3,6,2,3,5,4,2,1,1,2
"235",300,9,5,7,15,5,5,3,2,0,0,0,0,0,0,0,0,0,0,0,0,1,0,1,NA,1,NA,NA,2,"DUT",NA,1,NA,1,NA,4,1994,25,4,720,7,16,1,0,0,0,0,0,0,0,0,0,0,NA,NA,NA,NA,1,NA,1,4,1,3,7,38,40,4,1,2,1,1,1,1,1,11020,11021,9,8,6,5,1,2,2700,NA,1900,NA,-2,-2,3000,2200,-2,0,-2,2,4,4,3,2,2,4,2,4,4,4,4,4,2,2,3,2,2,3,3,2,2,3,1,2,3,2,2,3,1,1,2,4,3
"513",300,16,8,8,15,8,5,3,2,0,0,0,0,0,0,0,0,0,0,0,0,1,0,1,NA,1,NA,NA,2,"DUT","FRE",1,NA,1,NA,5,1993,25,2,610,6,18,0,0,1,0,0,0,0,0,0,0,0,NA,2,1,2015,1,NA,2,3,2,NA,0,NA,NA,4,2,NA,NA,3,1,1,2,11020,NA,5,6,4,3,NA,NA,NA,NA,NA,NA,NA,NA,NA,NA,NA,-2,-2,-2,4,3,2,2,2,3,3,3,4,4,4,3,1,3,1,2,1,3,5,4,2,2,1,2,1,3,3,2,3,1,2,1,2
"1498",NA,8,8,7,7,8,4,3,1,0,0,1,0,0,0,0,0,0,0,0,0,0,0,1,NA,2,"MA",1990,2,"ARA","FRE",2,"MA",2,"MA",4,1972,46,1,113,1,9,0,0,0,0,0,0,0,0,0,0,0,NA,2,2,NA,NA,NA,NA,NA,NA,NA,NA,NA,NA,NA,2,NA,NA,3,1,2,2,21130,NA,0,5,5,5,1,2,0,NA,0,NA,NA,NA,NA,NA,NA,2,-2,2,2,2,2,2,2,2,2,2,2,2,2,2,2,4,2,3,2,3,3,3,2,4,3,3,4,3,3,3,2,2,2,3,3
"173",NA,14,5,4,13,7,2,2,2,0,0,0,0,0,0,0,0,0,0,0,0,1,0,1,NA,1,NA,NA,2,"FRE","DUT",1,NA,1,NA,2,1965,53,4,313,4,12,0,0,0,0,1,0,0,0,0,0,0,5,2,1,2018,1,NA,1,NA,2,NA,8,17,17,NA,1,1,2,2,1,1,2,11022,11020,55,5,6,6,3,2,NA,NA,1000,NA,NA,0,NA,NA,-1,3,NA,0,3,3,1,3,3,2,1,1,2,4,NA,4,2,4,2,3,3,2,2,2,2,4,3,4,4,2,4,2,3,2,3,2,2
"1107",NA,8,8,7,11,9,5,3,1,0,1,0,0,0,0,0,0,0,0,0,0,0,0,2,"PL",2,"PL",2000,2,"POL","FRE",2,"PL",2,"PL",4,1976,42,1,423,5,16,1,0,0,0,0,0,0,0,0,0,0,NA,NA,NA,NA,1,NA,1,2,2,NA,10,40,40,4,1,2,2,1,1,2,2,15090,NA,5,2,5,6,1,2,2900,NA,2200,NA,-2,-2,3500,2500,-2,2,-2,-2,2,2,2,2,2,2,2,4,2,2,2,3,2,3,2,3,2,3,2,2,3,2,2,4,3,2,3,2,3,2,3,2,2
"1639",NA,0,5,5,7,3,2,1,2,0,0,0,0,0,0,0,0,0,0,0,0,1,0,1,NA,1,NA,NA,1,"FRE",NA,1,NA,1,NA,2,1948,70,1,321,3,16,0,0,0,0,0,1,0,0,0,0,0,NA,2,1,2010,1,NA,2,3,2,NA,10,38,38,4,2,NA,NA,2,4,3,2,11020,11023,5,5,5,5,2,2,NA,NA,NA,4,NA,-4,NA,NA,-3,3,0,2,3,3,3,3,2,2,2,2,2,4,3,4,2,4,4,4,2,2,2,2,2,2,2,2,4,2,2,2,2,2,2,2,2
"407",60,14,6,5,10,9,5,3,2,0,0,0,0,0,0,0,0,0,0,0,0,1,0,1,NA,1,NA,NA,2,"FRE",NA,1,NA,1,NA,2,1984,34,1,720,7,20,1,0,0,0,0,0,0,0,0,0,0,NA,NA,NA,NA,2,0,NA,1,1,0,20,NA,50,5,2,NA,NA,3,2,2,2,11020,11023,9,7,7,7,1,2,NA,3,NA,4,-3,-3,3500,2500,-2,2,-3,1,4,4,3,2,2,2,2,2,3,1,4,2,2,3,2,3,2,2,2,2,2,3,2,2,2,2,2,3,2,3,5,3,3
"324",540,22,9,8,14,8,5,3,2,0,0,0,0,0,0,0,0,0,0,0,0,1,0,1,NA,1,NA,NA,2,"DUT",NA,1,NA,1,NA,4,1989,29,4,610,6,17,1,0,0,0,0,0,0,0,0,0,0,NA,NA,NA,NA,1,NA,1,3,2,NA,9,37,38,4,2,NA,NA,3,1,1,1,11020,11021,9,9,8,7,1,2,2700,NA,1900,NA,0,0,NA,NA,0,3,-2,2,4,3,2,3,2,2,2,2,4,3,2,2,3,3,2,3,2,3,2,2,2,2,2,2,3,2,4,2,3,1,2,3,2
"731",150,17,8,9,15,8,7,3,2,0,0,0,0,0,0,0,0,0,0,0,0,1,0,1,NA,1,NA,NA,2,"DUT",NA,1,NA,1,NA,3,1966,52,4,720,7,17,1,0,0,0,0,0,0,0,0,0,0,1,NA,NA,NA,1,NA,1,3,2,NA,10,40,45,4,1,2,2,1,1,1,2,11020,11021,9,8,7,7,1,2,5000,NA,3500,NA,1,1,5000,3000,0,2,-3,2,3,3,4,4,2,2,3,2,4,2,2,2,3,4,3,3,2,5,4,2,2,4,4,3,2,4,5,3,4,2,3,3,5
"185",NA,24,7,8,9,8,5,2,2,0,0,0,0,0,0,0,0,0,0,0,0,1,0,1,NA,1,NA,NA,2,"DUT",NA,1,NA,1,NA,1,1939,79,4,321,3,12,0,0,0,0,0,1,0,0,0,0,0,NA,2,1,1966,1,NA,1,2,2,NA,8,38,40,4,2,NA,NA,2,4,2,2,11020,11021,6,NA,9,7,2,2,NA,NA,1900,NA,NA,0,NA,NA,0,2,-2,2,3,3,2,3,2,1,2,1,4,2,2,2,4,4,2,4,2,3,3,3,3,3,2,2,3,3,4,2,4,2,2,2,3
"895",NA,20,8,8,11,8,4,3,2,0,0,0,0,0,0,0,0,0,0,0,0,1,0,2,"DE",2,"DE",1961,2,"DUT","GER",2,"DE",2,"DE",1,1940,78,4,222,2,14,0,0,0,0,0,1,0,0,0,0,0,NA,2,1,1996,1,NA,1,4,2,NA,9,32,32,1,2,NA,NA,2,4,2,2,11070,11020,4,5,6,6,2,2,NA,NA,NA,NA,NA,0,NA,NA,0,2,-2,0,3,3,3,3,2,3,3,2,4,3,4,3,2,5,2,5,2,3,2,2,2,5,2,2,5,2,5,2,5,2,2,2,3
"765",NA,20,10,8,13,9,7,2,2,0,0,0,0,0,0,0,0,0,0,0,0,1,0,1,NA,1,NA,NA,2,"DUT","HUN",2,"HU",2,"HU",2,1962,56,1,323,4,16,1,0,0,0,0,0,0,0,0,0,0,NA,NA,NA,NA,1,NA,1,4,2,NA,10,32,32,4,2,NA,NA,1,1,1,2,11020,11021,10,9,8,8,1,2,2000,NA,1600,NA,0,3,NA,1800,0,-2,1,4,2,2,4,2,2,2,2,4,2,2,4,4,2,2,2,3,1,4,4,3,2,4,1,3,4,1,5,2,2,2,1,1,1
"1204",120,15,8,7,8,8,6,3,2,0,0,0,0,0,0,0,0,0,0,0,0,1,0,1,NA,2,"MA",1970,1,"DUT","BER",2,"MA",2,"MA",5,1966,52,1,610,6,17,1,0,0,0,0,0,0,0,0,0,0,1,NA,NA,NA,2,0,NA,1,2,NA,20,0,45,4,2,NA,NA,2,1,2,2,21130,11020,7,2,5,3,1,2,3300,NA,1700,NA,0,-2,NA,2100,0,0,0,0,3,3,3,3,2,4,1,1,4,2,4,4,2,5,2,3,2,3,3,2,2,5,2,2,2,2,5,2,4,2,1,2,2
"464",240,12,7,5,12,8,2,3,2,0,0,0,0,0,0,0,0,0,0,0,0,1,0,1,NA,1,NA,NA,2,"FRE",NA,1,NA,1,NA,4,1963,56,4,720,7,20,0,0,1,0,0,0,0,0,0,0,0,NA,2,1,2016,1,NA,1,3,2,NA,0,38,38,4,1,1,1,2,1,2,2,11020,13040,3,5,7,7,3,2,NA,NA,700,NA,NA,-3,NA,1700,-3,0,-1,2,4,4,3,1,1,2,2,2,2,2,2,3,2,3,3,3,2,2,2,3,2,3,5,3,2,3,2,3,2,2,2,3,5
"493",270,22,8,8,14,8,4,3,2,0,0,0,0,0,0,0,0,0,0,0,0,1,0,1,NA,1,NA,NA,2,"DUT","FRE",1,NA,1,NA,2,1961,57,3,323,4,13,1,0,0,0,0,0,0,0,0,0,0,NA,NA,NA,NA,1,NA,1,3,1,40,16,38,42,4,2,NA,NA,1,1,2,2,11021,11020,7,6,6,6,1,2,3500,NA,2000,NA,-2,-3,4500,3000,-3,-3,-3,-3,3,3,3,3,1,2,2,2,4,4,4,2,2,5,2,5,2,2,5,2,2,5,2,2,5,2,5,2,5,2,2,2,2
"675",NA,24,9,9,14,9,6,1,2,0,0,0,0,0,0,0,0,0,0,0,0,1,0,1,NA,1,NA,NA,2,"DUT",NA,1,NA,1,NA,2,1951,67,4,323,4,13,0,0,0,0,0,1,0,0,0,0,0,NA,2,1,2006,1,NA,1,3,1,12,16,40,70,4,2,NA,NA,3,4,2,2,11020,11021,9,9,7,8,2,2,NA,NA,2400,NA,NA,0,NA,NA,0,0,-2,2,4,3,1,2,1,2,1,1,4,3,4,2,3,4,3,2,3,4,3,4,4,3,2,3,3,4,5,4,4,3,3,3,4
"966",NA,18,8,3,12,8,6,3,2,0,0,0,0,0,0,0,0,0,0,0,0,1,0,1,NA,1,NA,NA,2,"DUT",NA,2,"FR",1,NA,1,1943,75,3,313,4,12,0,0,0,0,0,1,0,0,0,0,0,NA,2,1,1963,1,NA,1,3,2,NA,14,NA,NA,3,2,NA,NA,3,4,2,2,11021,11020,2,6,3,4,2,2,NA,NA,1800,NA,NA,0,NA,NA,0,0,-3,3,2,2,3,2,1,4,2,2,4,4,4,4,3,5,2,5,4,2,3,2,2,2,2,3,5,3,5,3,5,2,1,4,3
"444",120,21,8,6,15,8,6,3,2,0,0,0,0,0,0,0,0,0,0,0,0,1,0,1,NA,1,NA,NA,2,"DUT",NA,1,NA,1,NA,4,1986,32,4,610,6,16,1,0,0,0,0,0,0,0,0,0,0,1,NA,NA,NA,1,NA,1,2,2,NA,11,30,30,2,2,NA,NA,1,1,2,1,11020,NA,8,9,5,5,1,2,2155,NA,1790,NA,-2,-2,4000,2000,-2,2,-3,3,4,4,4,2,2,4,4,1,4,4,4,4,3,3,2,3,3,3,5,3,3,3,2,2,3,5,4,3,4,2,2,4,2
"1191",NA,10,5,6,15,5,3,1,2,0,0,0,0,0,0,0,0,0,0,0,0,1,0,1,NA,1,NA,NA,2,"DUT",NA,1,NA,1,NA,3,1983,35,5,421,5,15,0,0,0,0,1,0,0,0,0,0,0,NA,2,1,2008,1,NA,1,2,2,NA,15,14,18,1,1,2,2,3,3,3,2,11020,11021,10,10,10,9,3,2,NA,NA,1000,NA,NA,-2,NA,1500,-3,4,-4,-4,4,3,1,2,1,1,1,1,5,5,5,5,1,5,1,2,2,1,3,1,1,4,2,2,2,2,4,1,4,1,1,1,3
"49",60,21,8,7,15,8,7,3,2,0,0,0,0,0,0,0,0,0,0,0,0,1,0,1,NA,1,NA,NA,2,"DUT",NA,1,NA,1,NA,2,1951,67,4,720,7,16,0,0,0,0,0,1,0,0,0,0,0,NA,2,1,2010,1,NA,1,4,1,37,15,40,40,2,2,NA,NA,3,4,1,2,11020,11021,9,NA,4,6,2,2,NA,NA,2500,NA,NA,2,NA,2000,2,3,-4,3,3,4,2,2,2,2,4,2,4,4,4,4,1,5,1,3,4,3,3,2,3,3,2,2,3,3,4,3,4,1,1,3,3
"1495",135,18,7,6,14,8,5,3,2,0,0,0,0,0,0,0,0,0,0,0,0,1,0,1,NA,1,NA,NA,2,"FRE","DUT",1,NA,1,NA,4,2000,18,4,313,4,12,1,0,0,0,0,0,0,0,0,0,0,8,NA,NA,NA,1,NA,2,2,2,NA,14,4,5,5,2,NA,NA,3,1,2,2,11020,NA,7,8,7,6,1,2,72,NA,72,NA,-2,-2,100,100,-1,-1,2,2,4,3,3,2,1,2,2,2,4,3,2,2,2,5,1,2,2,3,3,1,2,2,3,2,2,1,2,3,3,2,1,3,2
"291",600,21,7,7,15,8,4,3,2,0,0,0,0,0,0,0,0,0,0,0,0,1,0,1,NA,1,NA,NA,2,"DUT",NA,1,NA,1,NA,4,1966,52,4,610,6,16,1,0,0,0,0,0,0,0,0,0,0,1,NA,NA,NA,1,NA,1,2,1,1,16,37,40,4,2,NA,NA,3,1,2,1,11020,11021,8,8,6,8,1,2,4800,NA,3000,NA,1,-1,4500,3200,0,0,-2,0,4,2,2,3,2,5,1,2,5,4,4,4,4,4,3,4,5,3,4,3,3,3,2,3,4,5,4,3,5,2,3,5,3
"653",75,21,6,8,NA,7,3,2,2,0,0,0,0,0,0,0,0,0,0,0,0,1,0,1,NA,1,NA,NA,2,"FRE","DUT",1,NA,1,NA,4,1971,47,1,423,5,12,0,0,1,0,0,0,0,0,0,0,0,NA,2,1,2011,1,NA,1,3,2,NA,4,38,38,4,1,1,1,1,1,2,1,11020,11022,5,5,8,8,1,2,1700,NA,1000,NA,0,0,NA,NA,0,-4,-4,-3,4,4,2,1,1,3,4,2,4,3,2,4,2,6,2,5,2,2,5,2,5,2,5,2,2,2,5,2,2,2,2,2,2
"247",NA,17,8,8,8,9,6,3,2,0,0,0,0,0,0,0,0,0,0,0,0,1,0,1,NA,1,NA,NA,1,"DUT",NA,1,NA,1,NA,2,1928,90,4,113,1,7,0,0,0,0,0,1,0,0,0,0,0,NA,2,1,1985,1,NA,1,3,2,NA,4,45,55,4,2,NA,NA,3,4,1,2,11020,11021,5,7,9,7,2,2,NA,NA,2200,NA,NA,0,NA,NA,0,1,-3,-1,2,3,4,3,3,2,2,2,4,3,5,4,3,4,2,4,2,4,1,2,1,5,2,1,3,1,5,5,2,1,1,2,3
"434",600,16,9,7,12,9,6,3,2,0,0,0,0,0,0,0,0,0,0,0,0,1,0,1,NA,1,NA,NA,2,"DUT",NA,1,NA,1,NA,5,1972,46,3,720,7,18,1,0,0,0,0,0,0,0,0,0,0,NA,NA,NA,NA,1,NA,1,3,1,65,20,20,60,2,2,NA,NA,3,1,1,1,11020,11021,9,9,6,6,1,2,3200,NA,3200,NA,0,0,NA,NA,0,2,-2,2,3,4,2,2,1,2,2,2,4,3,3,2,3,3,2,4,1,3,1,2,2,3,2,2,3,1,6,1,2,1,3,1,2
"741",120,19,5,3,11,5,3,3,2,0,0,0,0,0,0,0,0,0,0,0,0,1,0,2,"AL",2,"AL",2011,2,"FRE","ALB",2,"AL",2,"8888",2,1989,29,1,321,3,12,0,1,0,0,0,0,0,0,0,0,0,NA,2,1,2012,1,NA,3,3,2,NA,10,0,40,2,1,2,1,3,1,3,1,14010,11020,4,4,5,5,NA,NA,NA,NA,NA,NA,NA,NA,NA,NA,NA,0,-3,1,4,4,2,3,2,1,3,3,3,3,3,3,3,5,3,4,1,2,5,2,3,3,4,1,2,2,4,2,3,2,2,3,4
"1340",420,12,5,4,13,6,7,3,2,0,0,0,0,0,0,0,0,0,0,0,0,1,0,1,NA,1,NA,NA,1,"FRE","ARA",2,"MA",2,"MA",6,1994,25,3,423,5,13,0,0,1,0,0,0,0,0,0,0,0,NA,2,1,2018,1,NA,3,3,1,2,15,NA,24,4,2,NA,NA,1,5,3,2,11023,21130,6,8,8,7,3,2,NA,NA,700,NA,NA,-1,NA,800,-1,1,-3,1,2,4,2,1,2,2,1,1,1,1,2,4,3,2,2,1,1,2,6,1,1,1,2,2,1,2,1,2,5,1,2,1,1
"1370",180,17,8,7,14,8,7,3,2,0,0,0,0,0,0,0,0,0,0,0,0,1,0,1,NA,1,NA,NA,2,"DUT",NA,1,NA,1,NA,3,1983,35,4,610,6,17,1,0,0,0,0,0,0,0,0,0,0,NA,NA,NA,NA,1,NA,1,5,1,3,12,40,50,4,2,NA,NA,3,1,1,2,11020,11021,9,8,3,4,1,2,4000,NA,2300,NA,1,0,4600,NA,1,2,-1,3,3,3,3,2,1,4,2,2,4,3,2,4,5,3,3,2,2,3,4,4,4,2,1,2,2,2,5,2,2,1,5,2,2
"1614",120,10,8,5,13,9,6,3,1,0,1,0,0,0,0,0,0,0,0,0,0,0,0,1,NA,1,NA,NA,2,"FRE",NA,1,NA,1,NA,6,1981,37,4,421,5,13,0,0,0,0,0,0,0,0,0,0,0,NA,2,2,NA,NA,NA,NA,NA,NA,NA,NA,NA,NA,NA,1,1,2,3,5,4,2,11022,11020,5,5,2,2,3,2,NA,NA,1000,NA,NA,-2,NA,1500,-3,-1,-4,-3,3,3,2,3,1,2,2,2,3,5,4,4,3,6,2,5,3,3,3,2,2,2,2,2,3,2,3,2,3,1,1,1,2
"880",60,9,5,8,15,5,7,1,1,0,0,0,0,0,0,0,1,0,0,0,0,0,0,1,NA,1,NA,NA,2,"DUT",NA,1,NA,1,NA,4,1997,21,4,421,5,13,1,0,0,0,0,0,0,0,0,0,0,NA,NA,NA,NA,1,NA,1,1,2,NA,11,38,38,1,2,NA,NA,1,1,2,2,11021,11020,10,9,7,7,1,2,1800,NA,1575,NA,-1,-1,2200,1900,-1,3,-2,2,3,3,2,2,2,1,1,3,5,4,3,3,3,5,1,1,2,5,3,1,3,2,2,2,3,3,4,3,4,1,3,6,1
"936",120,15,8,7,15,8,6,1,2,0,0,0,0,0,0,0,0,0,0,0,0,1,0,1,NA,1,NA,NA,2,"DUT",NA,1,NA,1,NA,1,1959,59,4,222,2,9,0,0,0,0,1,0,0,0,0,0,0,NA,2,1,2003,1,NA,1,1,2,NA,6,20,20,4,1,1,2,1,6,2,2,11021,11020,5,3,5,3,3,2,NA,NA,1200,NA,NA,0,NA,NA,-2,4,-4,3,3,4,4,4,1,1,1,1,5,4,NA,4,1,4,1,3,2,1,2,1,4,3,1,2,2,1,2,2,4,1,1,2,2
"674",NA,18,4,7,6,1,6,3,2,0,0,0,0,0,0,0,0,0,0,0,0,1,0,1,NA,1,NA,NA,1,"DUT","FRE",1,NA,1,NA,1,1934,84,4,313,4,12,0,0,0,0,0,1,0,0,0,0,0,NA,2,1,1957,1,NA,1,1,2,NA,0,60,60,4,2,NA,NA,3,4,2,2,11020,11021,5,7,6,7,2,2,NA,NA,1700,NA,NA,0,NA,NA,0,4,-2,3,3,3,3,3,2,2,2,2,2,2,2,2,1,4,2,3,2,5,5,2,2,4,2,2,4,2,5,2,3,2,2,2,5
"836",NA,20,8,7,13,8,2,3,2,0,0,0,0,0,0,0,0,0,0,0,0,1,0,1,NA,1,NA,NA,2,"DUT","FRE",1,NA,1,NA,2,1940,78,3,313,4,13,0,0,0,0,0,1,0,0,0,0,0,NA,2,1,1995,1,NA,1,1,1,8,14,38,NA,4,2,NA,NA,2,4,2,2,11021,11020,8,6,5,4,2,2,NA,NA,2000,NA,NA,0,NA,NA,0,2,-2,2,3,2,3,4,2,2,2,3,4,2,3,2,4,5,2,5,3,6,3,4,2,2,3,2,4,4,6,2,2,1,2,2,4
"56",NA,24,7,8,5,8,6,2,2,0,0,0,0,0,0,0,0,0,0,0,0,1,0,1,NA,1,NA,NA,2,"DUT",NA,1,NA,1,NA,3,1936,82,1,0,1,8,0,0,0,0,0,1,0,0,0,0,0,NA,2,1,1999,1,NA,3,1,2,NA,11,40,60,4,2,NA,NA,1,1,1,2,11020,11021,3,3,3,3,2,2,NA,NA,1250,NA,NA,-3,NA,1800,-3,3,-1,4,4,4,4,4,3,1,5,2,5,5,3,4,4,5,2,4,2,5,2,2,3,3,2,3,4,2,5,2,3,2,2,2,2
"1049",90,22,8,8,12,8,4,2,2,0,0,0,0,0,0,0,0,0,0,0,0,1,0,1,NA,1,NA,NA,2,"DUT","ENG",1,NA,1,NA,3,1977,42,3,610,6,15,1,0,0,0,0,0,0,0,0,0,0,NA,NA,NA,NA,1,NA,1,3,1,0,13,147,147,3,2,NA,NA,1,1,3,2,11020,11021,9,8,7,7,1,2,3200,NA,2100,NA,0,0,NA,NA,0,4,-3,0,4,4,3,3,3,4,2,3,3,3,2,4,2,5,2,4,4,2,4,2,2,2,1,2,2,2,3,2,4,1,2,2,2
"934",180,21,6,5,15,7,5,2,2,0,0,0,0,0,0,0,0,0,0,0,0,1,0,1,NA,1,NA,NA,2,"DUT","ENG",1,NA,1,NA,3,1945,73,4,313,4,12,0,0,0,0,0,1,0,0,0,0,0,6,2,1,1997,1,NA,1,4,2,NA,10,38,40,3,2,NA,NA,1,4,2,2,11020,11021,8,2,7,7,2,2,NA,NA,1850,NA,NA,1,NA,2000,0,3,-3,3,3,3,3,4,4,3,2,1,4,3,4,4,4,4,2,3,4,4,5,2,2,3,4,2,3,4,6,2,5,1,1,1,2
"1105",90,20,7,7,12,8,3,3,2,0,0,0,0,0,0,0,0,0,0,0,0,1,0,1,NA,1,NA,NA,2,"DUT",NA,1,NA,1,NA,3,1965,53,4,323,4,12,1,0,0,0,0,0,0,0,0,0,0,NA,NA,NA,NA,1,NA,1,3,2,NA,12,29,29,4,2,NA,NA,1,1,1,2,11020,11021,8,7,7,6,1,2,2200,NA,1650,NA,-2,-3,2600,1900,-1,0,-4,3,2,3,2,1,1,2,2,1,4,4,4,4,4,4,3,4,2,4,3,3,2,3,4,3,4,3,4,3,5,3,2,3,2
"1496",150,22,9,8,15,9,4,3,2,0,0,0,0,0,0,0,0,0,0,0,0,1,0,1,NA,1,NA,NA,2,"DUT",NA,1,NA,1,NA,3,1962,56,4,610,6,15,1,0,0,0,0,0,0,0,0,0,0,1,NA,NA,NA,1,NA,1,1,2,NA,17,38,38,4,1,2,2,3,7,1,1,11020,11021,10,9,7,7,NA,NA,NA,NA,NA,NA,NA,NA,NA,NA,NA,0,0,3,3,3,2,3,1,3,2,3,4,2,2,3,2,4,2,4,3,4,3,3,2,4,2,3,4,4,5,2,3,2,2,4,3
"329",180,2,8,0,15,9,5,2,1,0,0,1,0,0,0,0,0,0,0,0,0,0,0,1,NA,1,NA,NA,2,"FRE",NA,1,NA,1,NA,2,1968,50,4,113,1,9,0,0,0,0,0,0,0,0,0,0,0,NA,2,1,2003,1,NA,1,2,2,NA,0,38,40,4,1,2,2,2,1,2,2,11020,NA,3,0,0,2,NA,NA,NA,NA,NA,NA,NA,NA,NA,NA,NA,NA,-4,2,3,3,2,2,2,1,1,1,5,4,5,5,2,4,1,5,1,3,4,1,2,1,1,2,6,3,6,2,4,2,1,4,4
"494",NA,17,8,6,9,9,5,3,2,0,0,0,0,0,0,0,0,0,0,0,0,1,0,1,NA,1,NA,NA,2,"FRE",NA,1,NA,1,NA,2,1959,59,4,421,5,16,1,0,0,0,0,0,0,0,0,0,0,NA,NA,NA,NA,1,NA,1,1,1,3,11,30,35,4,1,1,2,1,4,1,2,11020,11050,9,7,5,3,1,2,2000,NA,1400,NA,0,-2,NA,1700,-2,0,-2,0,3,3,3,2,2,2,2,2,3,2,2,2,6,6,2,2,2,3,2,2,2,2,5,2,2,2,5,2,2,2,2,4,2
"1603",60,11,6,9,5,7,5,3,1,1,0,0,0,0,0,0,0,0,0,0,0,0,0,1,NA,2,"CG",2004,1,"FRE","888",2,"CG",2,"CG",5,1980,38,1,313,4,21,1,0,0,0,0,0,0,0,0,0,0,NA,NA,NA,NA,1,NA,1,5,2,NA,5,20,30,2,1,1,1,2,1,2,1,31110,NA,5,5,5,5,1,2,NA,2,1000,NA,-4,-4,2500,2000,-4,2,-2,4,4,4,4,4,2,2,2,2,3,2,2,2,2,4,2,2,2,2,2,2,2,2,2,2,2,2,2,2,2,2,2,2,2
"918",540,22,8,7,15,8,6,2,2,0,0,0,0,0,0,0,0,0,0,0,0,1,0,1,NA,1,NA,NA,2,"DUT",NA,1,NA,1,NA,3,1979,39,3,720,7,17,1,0,0,0,0,0,0,0,0,0,0,NA,NA,NA,NA,1,NA,2,4,2,NA,14,32,45,2,2,NA,NA,1,1,2,1,11020,11021,9,9,2,2,1,2,NA,6,2200,NA,0,0,NA,NA,0,4,-4,-3,2,3,3,4,4,2,3,1,5,5,4,4,2,5,1,5,5,3,4,2,2,2,3,1,5,6,4,3,5,2,2,3,2
"1504",240,20,8,8,11,9,4,3,2,0,0,0,0,0,0,0,0,0,0,0,0,1,0,1,NA,1,NA,NA,2,"DUT",NA,1,NA,1,NA,5,1993,25,5,423,5,13,1,0,0,0,0,0,0,0,0,0,0,NA,NA,NA,NA,1,NA,1,4,2,NA,10,40,40,4,1,2,1,3,1,1,1,11021,11020,10,10,10,7,1,2,2100,NA,1600,NA,0,-2,NA,1600,0,0,-2,3,3,2,2,2,2,2,3,2,5,4,2,2,4,3,2,4,2,4,2,2,2,2,3,3,3,2,5,2,3,1,2,2,2
"104",120,22,10,7,13,9,7,3,2,0,0,0,0,0,0,0,0,0,0,0,0,1,0,1,NA,1,NA,NA,2,"DUT",NA,1,NA,1,NA,2,1963,55,1,213,2,11,1,0,0,0,0,0,0,0,0,0,0,NA,NA,NA,NA,1,NA,1,1,1,1,17,23,23,4,1,2,2,1,1,1,2,11020,11021,3,8,9,8,1,2,2100,NA,1200,NA,0,0,NA,NA,0,3,-3,3,3,3,4,3,1,1,2,1,5,4,2,4,2,3,1,2,2,5,5,2,4,1,1,1,2,1,4,2,3,1,1,3,1
"1027",240,10,8,8,15,8,6,3,2,0,0,0,0,0,0,0,0,0,0,0,0,1,0,1,NA,1,NA,NA,2,"FRE",NA,1,NA,1,NA,3,1992,26,4,222,2,12,1,0,0,0,0,0,0,0,0,0,0,NA,NA,NA,NA,1,NA,1,4,1,2,13,19,23,4,2,NA,NA,1,1,3,1,11020,NA,3,4,6,5,1,2,NA,NA,NA,2,NA,0,NA,NA,-2,3,-3,3,2,2,3,1,1,3,2,3,5,3,2,3,3,5,2,3,1,5,3,1,1,3,3,1,3,2,4,1,4,1,1,1,3
"1203",30,23,9,7,15,9,6,3,2,0,0,0,0,0,0,0,0,0,0,0,0,1,0,1,NA,1,NA,NA,2,"DUT",NA,1,NA,1,NA,2,1954,64,4,720,7,11,0,0,0,0,0,1,0,0,0,0,0,8,2,1,2014,1,NA,1,4,1,116,19,36,50,3,2,NA,NA,3,1,1,2,11021,11020,10,9,8,8,2,2,NA,NA,2225,NA,NA,1,NA,2000,0,0,-2,0,4,3,1,2,1,4,2,3,4,2,2,2,3,4,1,2,5,1,2,1,2,2,1,1,1,1,4,1,4,1,2,2,2
"659",120,12,9,7,10,10,1,3,2,0,0,0,0,0,0,0,0,0,0,0,0,1,0,1,NA,1,NA,NA,2,"DUT","FRE",1,NA,1,NA,1,1929,89,1,720,7,17,1,0,0,0,0,1,0,0,0,0,0,6,NA,NA,NA,2,0,NA,1,1,0,20,55,55,5,2,NA,NA,3,4,1,2,11020,11021,9,7,8,8,2,2,NA,NA,2500,NA,NA,0,NA,NA,-4,4,2,4,3,3,3,4,3,5,1,1,5,2,4,4,4,6,2,6,6,6,2,3,3,5,2,2,3,3,5,2,3,2,3,2,4
"161",600,18,7,7,11,9,4,3,2,0,0,0,0,0,0,0,0,0,0,0,0,1,0,2,"8888",2,"JP",2008,1,"JPN","FRE",2,"8888",2,"8888",1,1971,47,1,720,7,18,1,0,0,0,0,0,0,0,0,0,0,NA,NA,NA,NA,1,NA,1,1,2,NA,11,38,45,4,1,2,2,3,1,2,2,52010,11023,5,7,6,4,1,2,3400,NA,2000,NA,0,-1,NA,2500,0,-2,-3,-1,4,4,2,2,2,4,2,2,4,2,3,2,3,4,2,2,3,4,4,2,2,2,2,3,4,2,4,4,4,3,2,5,4
"384",105,25,9,9,15,9,6,3,2,0,0,0,0,0,0,0,0,0,0,0,0,1,0,2,"NL",2,"NL",1994,2,"DUT",NA,2,"NL",2,"NL",4,1963,55,4,610,6,16,1,1,0,0,0,0,0,0,0,0,0,1,NA,NA,NA,1,NA,1,2,2,NA,7,27,27,4,2,NA,NA,3,1,1,1,11040,10000,NA,6,7,3,1,2,2100,NA,1735,NA,0,0,NA,NA,NA,2,-2,3,4,4,3,4,4,5,3,3,5,4,4,4,3,5,2,5,3,3,4,1,2,3,3,1,4,3,5,1,5,1,1,1,1
"436",NA,21,5,6,11,7,1,2,2,0,0,0,0,0,0,0,0,0,0,0,0,1,0,1,NA,1,NA,NA,2,"FRE",NA,1,NA,1,NA,2,1953,65,4,113,1,7,0,0,0,0,0,1,0,0,0,0,0,NA,2,1,2008,1,NA,1,4,2,NA,17,70,70,4,1,1,2,3,4,3,2,11020,11022,5,5,5,5,2,2,NA,NA,NA,NA,NA,-1,NA,1800,-2,-3,-2,-3,3,3,2,2,1,NA,2,3,3,2,2,2,1,6,2,3,2,2,3,3,2,3,2,2,2,3,3,3,3,3,3,3,3
"1760",240,7,8,7,15,NA,4,3,2,0,0,0,0,0,0,0,0,0,0,0,0,1,0,1,NA,1,NA,NA,2,"FRE","DUT",1,NA,1,NA,3,1986,32,4,421,5,14,1,0,0,0,0,0,0,0,0,0,0,NA,NA,NA,NA,1,NA,1,3,2,NA,15,19,35,6,2,NA,NA,1,1,4,1,11020,11022,2,8,3,0,1,2,NA,2,NA,3,-2,-2,2000,1,-2,1,1,2,4,4,2,3,4,1,3,3,4,4,5,5,1,5,1,2,1,5,6,2,1,2,1,1,1,3,6,1,3,1,1,3,1
"260",90,24,10,8,15,10,7,3,2,0,0,0,0,0,0,0,0,0,0,0,0,1,0,1,NA,1,NA,NA,2,"DUT",NA,1,NA,1,NA,2,1955,63,4,313,4,12,0,0,0,0,0,0,0,0,0,0,0,NA,2,1,2017,2,4,NA,1,1,4,20,20,0,4,2,NA,NA,3,2,1,2,11020,11021,10,10,10,6,1,2,NA,NA,NA,NA,NA,NA,NA,NA,NA,0,-2,NA,4,4,2,3,2,4,2,1,4,3,2,4,5,4,2,6,4,4,3,1,2,2,4,1,5,3,4,2,2,2,2,3,3
"717",NA,11,8,7,9,9,6,3,1,0,1,0,0,0,0,0,0,0,0,0,0,0,0,1,NA,2,"PL",1997,2,"POL","FRE",2,"PL",2,"PL",3,1978,40,1,423,5,16,1,0,0,0,0,0,0,0,0,0,0,NA,NA,NA,NA,1,NA,1,3,2,NA,0,NA,40,NA,1,2,1,3,1,2,2,15090,NA,3,5,5,5,1,2,NA,3,NA,4,0,-3,NA,2000,-2,3,-2,2,4,4,3,2,2,2,2,2,2,2,2,2,2,3,3,2,2,2,3,2,3,3,2,3,3,2,3,2,3,2,3,3,2
"60",150,17,8,7,12,7,6,3,2,0,0,0,0,0,0,0,0,0,0,0,0,1,0,1,NA,1,NA,NA,2,"DUT",NA,1,NA,1,NA,1,1946,72,3,720,7,16,1,0,0,0,0,1,0,0,0,0,0,6,NA,NA,NA,2,0,NA,1,2,NA,10,NA,10,4,2,NA,NA,3,4,1,2,11020,11021,8,7,7,7,2,2,NA,NA,2300,NA,NA,0,NA,NA,0,2,-2,0,3,4,3,4,2,4,2,2,4,3,4,4,3,5,1,6,5,1,3,2,2,4,1,2,4,4,1,2,5,2,1,2,2
"448",40,15,8,6,9,8,6,3,2,0,0,0,0,0,0,0,0,0,0,0,0,1,0,1,NA,1,NA,NA,2,"FRE",NA,1,NA,1,NA,6,1975,43,4,610,6,15,1,0,0,0,0,0,0,0,0,0,0,NA,NA,NA,NA,2,0,NA,1,2,NA,20,NA,28,5,2,NA,NA,3,2,1,1,11020,NA,10,10,8,10,1,2,1500,NA,1000,NA,-2,-2,2000,1500,-2,0,-1,-1,4,4,2,2,2,3,3,2,4,4,1,4,5,5,2,5,2,3,3,3,2,2,3,1,5,5,5,2,4,1,1,2,3
"488",NA,24,10,7,11,10,4,3,2,0,0,0,0,0,0,0,0,0,0,0,0,1,0,1,NA,1,NA,NA,2,"DUT",NA,1,NA,1,NA,2,1940,78,4,113,1,8,0,0,0,0,0,1,0,0,0,0,0,NA,2,1,1985,1,NA,1,3,2,NA,0,20,20,4,2,NA,NA,2,4,1,2,11021,NA,4,3,5,2,2,2,NA,NA,NA,1,NA,0,NA,NA,2,4,-4,-4,4,3,4,4,2,1,1,4,5,4,2,2,2,2,2,2,2,2,2,2,2,2,2,2,2,2,4,2,4,2,3,2,2
"181",240,15,5,6,11,6,4,3,1,1,0,0,0,0,0,1,0,0,0,0,0,0,0,1,NA,2,"CG",1991,NA,"FRE","LIN",2,"CG",2,"CD",3,1975,43,2,710,7,18,1,0,0,0,0,0,0,0,0,0,0,NA,NA,NA,NA,1,NA,1,4,1,11,13,40,46,1,1,2,2,3,1,3,1,11020,31110,7,7,6,6,1,2,NA,6,NA,6,0,0,NA,NA,0,NA,-4,2,4,3,2,2,2,3,3,2,4,4,4,3,2,5,3,3,2,2,2,2,3,4,2,2,3,3,4,3,3,2,2,2,3
"1534",60,21,7,7,14,8,5,3,2,0,0,0,0,0,0,0,0,0,0,0,0,1,0,1,NA,1,NA,NA,2,"DUT",NA,1,NA,1,NA,2,1961,57,4,610,6,15,1,0,0,0,0,0,0,0,0,0,0,1,NA,NA,NA,1,NA,1,5,1,180,17,38,45,2,2,NA,NA,1,1,1,1,11020,11021,9,8,7,6,1,2,8000,NA,4000,NA,1,1,8000,4000,1,1,-2,2,3,3,2,2,1,4,2,2,5,4,4,3,3,5,2,3,4,2,3,2,2,3,2,2,4,3,4,2,2,2,1,4,3
"1157",120,20,7,6,15,8,5,3,2,0,0,0,0,0,0,0,0,0,0,0,0,1,0,1,NA,1,NA,NA,2,"FRE",NA,1,NA,1,NA,2,1983,35,4,720,7,19,1,0,0,0,0,0,0,0,0,0,0,NA,NA,NA,NA,1,NA,2,2,1,4,19,38,50,6,1,2,1,1,1,4,1,11020,NA,10,NA,5,7,1,2,2700,NA,1700,NA,0,0,NA,NA,0,0,2,3,4,3,1,1,1,2,4,1,5,4,4,2,1,6,1,3,4,2,5,3,3,2,1,2,3,4,2,3,3,2,1,3,3
"1452",270,15,6,6,15,7,6,3,2,0,0,0,0,0,0,0,0,0,0,0,0,1,0,1,NA,1,NA,NA,2,"FRE",NA,1,NA,1,NA,3,1988,30,3,313,4,13,1,0,0,0,0,0,0,0,0,0,0,NA,NA,NA,NA,1,NA,2,1,2,NA,14,32,32,4,1,1,2,1,1,3,1,11020,15110,3,4,2,2,1,2,1742,NA,1450,NA,-2,-2,1900,1600,-2,0,-1,0,4,4,1,2,2,3,1,1,2,1,5,1,1,5,3,4,2,1,6,3,1,3,1,1,4,3,5,3,2,1,2,1,1
"1571",60,17,8,9,10,8,3,1,2,0,0,0,0,0,0,0,0,0,0,0,0,1,0,1,NA,1,NA,NA,2,"DUT","FRE",1,NA,1,NA,2,1958,61,4,313,4,12,0,0,0,0,0,1,0,0,0,0,0,NA,2,1,2016,1,NA,1,3,1,5,8,160,160,4,2,NA,NA,1,1,2,2,11020,11021,8,9,8,8,2,2,NA,NA,1300,NA,NA,-2,NA,1500,-2,2,-3,1,3,3,2,2,2,2,2,2,4,2,2,2,2,2,3,1,1,3,2,2,2,3,2,4,2,2,4,2,4,1,2,2,4
"1401",90,17,9,5,14,9,6,3,2,0,0,0,0,0,0,0,0,0,0,0,0,1,0,1,NA,1,NA,NA,2,"FRE",NA,1,NA,1,NA,2,1987,31,4,421,5,13,1,0,0,0,0,0,0,0,0,0,0,NA,NA,NA,NA,1,NA,1,5,2,NA,9,35,35,1,2,NA,NA,3,1,2,1,11020,13040,9,8,5,5,1,2,NA,3,1860,NA,0,0,NA,NA,0,-2,-2,3,2,3,2,2,1,2,2,2,4,2,4,2,3,3,2,2,2,2,3,3,3,1,2,2,2,2,3,2,2,2,3,4,2
"1303",180,21,7,8,7,8,4,3,2,0,0,0,0,0,0,0,0,0,0,0,0,1,0,2,"RO",2,"RO",2017,2,"RUM","FRE",2,"RO",2,"RO",5,2002,16,3,213,2,9,0,1,0,0,0,0,0,0,0,0,0,NA,2,2,NA,NA,NA,NA,NA,NA,NA,NA,NA,NA,NA,2,NA,NA,3,1,1,1,14090,NA,8,9,9,8,NA,NA,NA,NA,NA,NA,NA,NA,NA,NA,NA,0,0,0,3,2,2,2,1,1,2,2,4,1,2,1,1,2,1,1,1,2,1,1,2,2,1,2,2,1,4,1,3,1,2,1,2
"1620",30,17,8,5,14,9,6,3,1,0,0,1,0,0,0,0,0,0,0,0,0,0,0,1,NA,1,NA,NA,2,"DUT",NA,1,NA,1,NA,4,1961,57,2,610,6,16,0,0,0,0,0,0,0,0,0,0,0,NA,2,1,1987,1,NA,1,2,1,8,14,38,38,2,2,NA,NA,2,1,1,2,11020,11021,10,5,7,6,NA,NA,NA,NA,NA,NA,NA,NA,NA,NA,NA,2,-2,2,3,4,3,2,1,2,1,3,4,3,4,4,4,6,3,4,3,4,4,3,4,2,3,1,4,3,6,4,2,1,2,3,1
"676",60,20,9,7,14,9,6,3,2,0,0,0,0,0,0,0,0,0,0,0,0,1,0,1,NA,1,NA,NA,2,"DUT",NA,1,NA,1,NA,2,1960,58,3,323,4,12,0,0,0,0,0,1,0,0,0,0,0,8,2,1,2016,1,NA,1,1,1,30,16,40,50,3,2,NA,NA,3,4,1,1,11021,11020,7,8,8,8,2,2,NA,NA,1700,NA,NA,0,NA,NA,0,0,-2,-4,4,4,3,3,3,2,2,2,4,2,3,4,2,4,2,2,2,2,2,2,2,2,2,2,2,2,5,1,2,2,1,3,2
"375",60,21,8,3,14,8,7,3,2,0,0,0,0,0,0,0,0,0,0,0,0,1,0,1,NA,1,NA,NA,2,"DUT",NA,1,NA,1,NA,2,1955,63,4,610,6,15,0,0,0,0,0,1,0,0,0,0,0,8,2,1,2014,1,NA,1,4,2,NA,12,22,60,2,2,NA,NA,2,4,1,2,11021,11020,9,9,7,6,2,2,NA,NA,2000,NA,NA,-1,NA,1950,1,NA,NA,NA,4,4,2,3,1,4,2,2,4,3,2,4,1,5,2,4,3,4,3,1,2,3,3,2,2,2,4,1,3,1,1,3,3
"611",120,14,4,6,15,5,4,3,2,0,0,0,0,0,0,0,0,0,0,0,0,1,0,1,NA,1,NA,NA,2,"FRE",NA,1,NA,1,NA,2,1959,60,3,213,2,NA,0,0,0,0,0,1,0,0,0,0,0,NA,2,1,1976,1,NA,1,2,2,NA,0,38,38,4,2,NA,NA,3,4,4,2,11020,11050,5,6,7,7,2,2,NA,NA,1575,NA,NA,0,NA,NA,0,0,0,0,2,2,3,1,1,3,3,3,3,3,3,3,3,5,2,3,2,2,5,2,2,3,2,2,2,2,3,2,2,2,3,2,3
"148",240,24,9,6,15,9,3,3,2,0,0,0,0,0,0,0,0,0,0,0,0,1,0,1,NA,1,NA,NA,2,"DUT",NA,1,NA,1,NA,4,1973,45,2,610,6,17,1,0,0,0,0,0,0,0,0,0,0,NA,NA,NA,NA,1,NA,1,4,2,NA,17,36,38,2,2,NA,NA,1,1,2,1,11020,11021,9,8,6,6,1,2,NA,5,2200,NA,0,0,NA,NA,0,0,-3,2,4,2,3,3,3,2,2,2,4,3,2,2,1,4,2,5,5,1,6,1,5,2,1,2,2,5,2,3,4,2,2,6,2
"150",120,21,10,0,15,10,5,3,2,0,0,0,0,0,0,0,0,0,0,0,0,1,0,1,NA,1,NA,NA,2,"FRE","ENG",1,NA,1,NA,4,1961,57,4,710,7,17,1,0,0,0,0,0,0,0,0,0,0,NA,NA,NA,NA,1,NA,1,1,1,3,10,40,50,4,2,NA,NA,1,1,1,1,11020,11022,9,5,5,2,1,2,4500,NA,3750,NA,0,0,NA,NA,0,0,-2,0,4,4,2,1,1,1,2,1,5,5,1,3,2,6,1,2,1,2,2,2,3,1,2,2,6,2,6,2,6,1,2,1,2
"121",150,22,9,8,12,10,2,2,2,0,0,0,0,0,0,0,0,0,0,0,0,1,0,1,NA,1,NA,NA,2,"DUT",NA,1,NA,1,NA,2,1938,80,4,113,1,12,0,0,0,0,0,1,0,0,0,0,0,8,2,1,1995,1,NA,1,3,2,NA,0,38,38,3,2,NA,NA,2,4,1,2,11021,11020,1,7,8,7,2,2,NA,NA,1700,NA,NA,0,NA,NA,0,2,2,-1,1,2,1,1,1,2,2,2,4,2,2,2,2,3,2,2,2,4,4,2,2,2,2,2,2,4,4,2,5,2,2,2,2
"169",120,11,8,5,14,8,7,3,2,0,0,0,0,0,0,0,0,0,0,0,0,1,0,1,NA,1,NA,NA,2,"DUT","ITA",1,NA,1,NA,3,1992,26,3,323,4,18,1,0,0,0,0,0,0,0,0,0,0,1,NA,NA,NA,1,NA,2,2,1,10,11,38,38,4,1,2,1,1,1,1,1,13040,11020,7,6,6,5,1,2,2200,NA,1700,NA,1,1,2100,1600,-1,3,-2,2,3,3,4,3,2,4,1,2,4,4,4,5,2,3,2,3,1,3,2,3,2,2,2,2,1,2,5,2,2,1,3,2,2
"598",180,14,6,8,14,10,2,2,2,0,0,0,0,0,0,0,0,0,0,0,0,1,0,1,NA,1,NA,NA,2,"DUT",NA,1,NA,1,NA,5,1966,52,4,321,3,12,0,0,0,0,0,0,0,0,0,0,0,NA,2,1,1997,1,NA,1,2,2,NA,5,20,20,4,1,1,2,1,4,2,2,11020,11021,7,5,6,6,NA,NA,NA,NA,NA,NA,NA,NA,NA,NA,NA,3,-3,3,4,4,2,4,3,2,2,2,4,4,NA,2,3,6,1,1,1,3,3,5,2,5,5,2,5,4,6,3,6,1,2,5,2
"1491",150,16,9,7,15,9,4,3,2,0,0,0,0,0,0,0,0,0,0,0,0,1,0,1,NA,1,NA,NA,2,"DUT",NA,1,NA,1,NA,2,1986,33,3,720,7,17,1,0,0,0,0,0,0,0,0,0,0,NA,NA,NA,NA,2,0,NA,1,1,2,20,0,45,5,1,2,2,3,2,1,2,11020,NA,8,9,7,7,1,2,4500,NA,2000,NA,0,-2,NA,2300,0,0,-3,-1,4,3,3,3,2,2,2,2,3,4,2,3,1,6,1,2,5,1,5,2,2,2,2,1,2,4,4,3,3,1,1,6,2
"1675",300,17,9,8,12,9,4,3,2,0,0,0,0,0,0,0,0,0,0,0,0,1,0,1,NA,1,NA,NA,2,"DUT",NA,1,NA,1,NA,2,1958,60,3,313,4,12,1,0,0,0,0,0,0,0,0,0,0,1,NA,NA,NA,3,NA,3,1,2,NA,15,NA,20,5,2,NA,NA,3,2,1,1,11020,11021,9,8,6,7,1,2,NA,2,1200,NA,0,0,NA,NA,0,0,-1,3,3,3,3,2,4,2,2,3,4,3,4,4,3,5,3,2,2,4,2,2,2,4,2,2,4,2,4,3,3,2,2,4,3
