"ID","X.x","Leader","TeamNumber","Mach_1","Mach_2","Mach_3","Mach_4","Mach_5","Mach_6","Mach_7","Mach_8","Mach_9","Mach_10","Mach_11","Mach_12","Mach_13","Mach_14","Mach_15","Mach_16","Mach_17","Mach_18","Mach_19","Mach_20","TeamPerformance_1","TeamPerformance_2","TeamPerformance_3","TeamPerformance_4","TeamInnovation_1","TeamInnovation_2","TeamInnovation_3","TeamInnovation_4","Psychopath1","Psychopath2","Psychopath3","Psychopath4","Narc1","Narc2","Narc3","Narc4","Progroup_unethical_1","Progroup_unethical_2","Progroup_unethical_3","Progroup_unethical_4","Progroup_unethical_5","Big5_1","Big5_2","Big5_3","Big5_4","Big5_5","Big5_6","Big5_7","Big5_8","Big5_9","Big5_10","Big5_11","Big5_12","Big5_13","Big5_14","Big5_15","Big5_16","Big5_17","Big5_18","Big5_19","Big5_20","Big5_21","Big5_22","Big5_23","Big5_24","Big5_25","Big5_26","Big5_27","Big5_28","Big5_29","Big5_30","Big5_31","Big5_32","Big5_33","Big5_34","Big5_35","Big5_36","Big5_37","Big5_38","Big5_39","Big5_40","Big5_41","Big5_42","Big5_43","Big5_44","LeaderEffectiveness_1","LeaderEffectiveness_2","LeaderEffectiveness_3","LeaderEffectiveness_4","HelpingBehavior_1","HelpingBehavior_2","HelpingBehavior_3","HelpingBehavior_4","HelpingBehavior_5","HelpingBehavior_6","HelpingBehavior_7","PerformancePressure_1","PerformancePressure_2","PerformancePressure_3","PerformancePressure_4","ProactivePerformance_1","ProactivePerformance_2","TeamAdapt_1","TeamAdapt_2","TeamAdapt_3","Intra_Competition_1","Intra_Competition_2","Intra_Competition_3","Intra_Competition_4","ClientSatisfaction","No.Complaints","No.IdeasContributed","TurnaroundTime","Gender","Age","attentionCheck","complaintsPerDay","leaderEffectiveness","X.y","followUp"
"11",1,0,"1",1,3,7,4,4,3,5,5,3,4,4,3,5,7,5,4,5,6,4,3,4,4,5,3,7,4,6,7,6,4,2,3,3,1,2,2,5,4,1,1,1,5,1,7,4,7,6,7,4,5,7,7,2,6,4,6,7,7,4,5,6,7,5,2,5,6,4,2,6,5,7,5,4,5,6,7,7,2,5,4,6,5,4,5,6,2,3,4,3,"7","7","6","7","7","7","6","5","6","7","6","4","3","3","4","4","5","4","6","2","0.95",1,"8",23,"1",28,2,0.0434782608695652,12,1,1
"12",2,0,"1",1,7,5,7,7,6,6,6,5,6,6,6,5,4,3,2,6,6,4,6,3,3,2,2,5,0,5,6,2,6,4,4,5,4,6,4,1,1,1,1,1,2,2,5,4,5,5,6,4,6,7,6,4,6,5,6,6,3,3,2,5,5,5,5,5,6,6,6,5,5,6,5,3,6,6,5,5,5,5,4,6,2,6,4,6,4,3,4,5,"7","4","4","6","6","6","6","6","6","5","6","4","3","3","3","4","4","4","4","4","0.95",1,"6",20,"1",25,2,0.05,16,2,3
"13",3,0,"1",2,6,6,2,6,6,2,6,3,6,6,2,6,2,6,2,2,6,2,6,3,3,3,3,5,1,5,5,1,1,1,5,6,6,6,2,1,1,2,3,3,1,1,7,1,5,6,6,2,6,6,4,1,6,1,6,6,4,2,2,5,6,3,6,7,5,6,1,6,2,6,6,2,6,5,6,6,2,6,2,5,6,5,2,5,3,3,3,3,"6","6","6","6","6","6","6","6","6","5","6","4","3","4","3","3","5","5","6","6","0.95",1,"7",21,"1",29,2,0.0476190476190476,12,3,4
"14",4,0,"1",4,7,6,4,2,3,5,5,4,6,2,6,3,3,6,2,3,5,4,4,4,4,4,4,6,2,5,5,4,4,4,4,4,4,4,4,1,2,2,1,1,3,3,4,3,4,3,4,2,5,5,6,3,6,5,5,4,5,4,4,5,4,5,3,5,4,4,4,5,4,4,4,4,4,4,4,4,4,3,4,4,4,4,4,4,3,2,4,4,"6","6","6","6","5","6","6","2","4","6","4","3","3","3","4","2","3","2","3","4","0.95",1,"8",22,"1",24,2,0.0454545454545455,13,4,4
"1001",5,1,"1",6,4,3,5,3,5,5,4,5,5,3,3,3,6,5,4,4,3,2,2,5,3,3,5,4,3,5,5,4,3,5,3,4,2,4,4,5,3,4,5,2,4,3,3,5,4,6,3,5,5,3,4,4,6,4,2,5,5,4,7,3,2,5,6,3,2,4,5,4,5,6,4,5,4,4,3,4,3,2,3,2,2,3,5,5,NA,NA,NA,NA,NA,NA,NA,NA,NA,NA,NA,NA,NA,NA,NA,NA,NA,NA,NA,NA,NA,NA,NA,NA,NA,NA,NA,NA,"1",35,2,NA,NA,5,5
"21",6,0,"2",5,6,6,4,5,3,5,7,4,6,2,6,2,2,5,3,2,6,6,6,3,3,4,3,6,0,6,7,2,2,2,2,5,5,5,6,2,2,1,3,4,5,3,5,2,6,3,6,3,6,6,6,1,6,4,6,5,5,2,3,6,4,6,2,6,5,4,4,5,4,5,4,2,5,6,5,5,4,5,5,6,5,6,2,5,4,3,4,4,"6","6","6","6","6","6","6","4","3","4","6","4","4","4","4","5","5","5","3","4","0.9",3,"10",30,"1",32,2,0.1,15,6,5
"22",7,0,"2",6,7,5,6,7,5,1,1,4,2,6,6,7,6,5,1,2,5,5,1,3,3,2,2,6,4,6,6,2,2,2,2,1,1,4,1,2,1,1,1,1,1,1,6,2,6,4,7,2,6,7,6,2,6,5,5,6,7,3,5,6,6,6,2,6,6,6,2,6,2,6,5,2,6,6,6,6,2,6,4,5,5,6,2,3,3,4,4,3,"5","6","6","6","6","6","6","6","4","5","6","4","4","4","3","2","4","1","2","4","0.9",3,"6",24,"1",22,2,0.125,14,7,4
"23",8,0,"2",6,7,5,4,4,3,7,5,6,4,4,6,3,4,6,5,6,5,3,7,3,3,3,3,5,1,5,5,4,4,5,5,5,5,6,5,4,4,3,5,2,5,4,5,3,6,5,6,2,7,6,7,5,7,5,6,6,7,3,3,7,4,6,4,5,6,6,6,6,6,6,4,2,7,6,7,6,5,6,2,6,6,6,2,6,4,4,4,5,"6","6","5","6","5","7","6","6","5","4","6","4","4","3","3","4","3","4","5","4","0.9",3,"8",26,"1",22,2,0.115384615384615,17,8,3
"24",9,0,"2",6,4,5,4,6,3,5,3,5,6,5,4,4,3,4,3,5,4,4,6,3,4,4,5,4,3,3,5,5,6,4,6,3,6,5,4,5,6,4,2,3,3,4,5,5,4,6,5,4,5,4,5,6,6,5,4,5,5,5,5,4,5,4,4,5,4,5,6,5,5,4,4,3,4,3,2,4,3,3,6,5,4,6,4,5,3,4,3,4,"4","6","5","6","7","7","7","6","5","5","6","3","4","3","4","2","4","6","2","4","0.9",3,"7",24,"1",32,2,0.125,14,9,4
"1002",10,1,"2",6,4,5,3,3,2,2,5,2,3,2,3,4,5,4,5,5,3,3,5,4,3,4,4,5,3,3,5,4,4,4,6,5,4,5,5,4,3,6,3,5,4,4,6,6,4,5,1,5,5,4,3,4,5,5,6,5,6,4,5,5,4,4,5,6,6,2,4,4,5,3,5,4,5,4,4,6,3,3,3,3,3,6,4,5,NA,NA,NA,NA,NA,NA,NA,NA,NA,NA,NA,NA,NA,NA,NA,NA,NA,NA,NA,NA,NA,NA,NA,NA,NA,NA,NA,NA,"1",39,2,NA,NA,10,3
"31",11,0,"3",2,5,4,3,7,5,4,4,3,1,4,4,2,7,4,1,5,3,4,3,1,3,3,5,1,0,5,4,4,4,2,3,6,5,1,1,3,4,5,1,6,1,3,7,2,6,6,7,4,2,6,7,5,3,6,6,2,3,4,6,1,7,7,3,5,3,5,6,4,5,2,3,4,5,3,4,4,5,2,3,7,6,6,3,5,5,2,3,5,"4","3","6","4","2","3","5","2","4","6","5","1","3","1","2","5","4","1","4","3","0.95",2,"8",21,"1",21,2,0.0952380952380952,15,11,3
"32",12,0,"3",4,3,5,4,6,3,5,4,3,5,6,4,4,5,4,5,5,4,5,5,4,4,3,3,4,1,4,4,5,6,5,6,5,4,5,6,4,5,5,4,5,5,4,6,5,2,3,3,5,7,6,7,3,5,2,4,5,2,2,6,5,3,4,6,1,1,3,3,5,2,5,1,1,7,1,2,4,1,6,4,5,3,6,4,6,4,3,4,4,"6","5","4","5","5","4","6","3","4","4","5","3","4","3","3","3","5","4","5","5","0.95",2,"9",19,"1",25,2,0.105263157894737,15,12,4
"33",13,0,"3",1,3,2,6,2,4,7,4,4,3,5,6,5,6,5,4,2,2,5,3,3,4,1,4,4,3,4,5,4,2,5,3,6,5,5,7,5,4,6,4,4,3,3,5,4,3,5,6,4,5,5,7,6,7,5,3,4,5,3,2,3,4,5,4,6,6,5,5,4,2,6,4,2,7,6,3,6,4,4,6,4,6,5,5,4,4,4,3,5,"5","4","6","5","5","3","2","5","3","4","5","2","4","4","5","3","4","5","3","6","0.95",2,"9",19,"1",24,2,0.105263157894737,16,13,3
"34",14,0,"3",5,7,6,3,2,3,2,6,5,5,4,4,4,6,5,5,4,4,3,3,4,1,5,5,5,1,6,6,4,3,6,3,6,4,5,5,4,4,5,5,5,6,5,4,4,3,6,4,5,6,4,6,4,4,6,5,6,4,2,5,4,3,4,4,3,3,4,3,2,3,6,3,2,5,3,4,5,4,4,6,3,4,3,5,2,1,3,3,5,"4","3","6","4","4","6","6","6","2","6","5","4","5","3","4","3","3","3","5","4","0.95",2,"7",19,"1",25,2,0.105263157894737,12,14,1
"1003",15,1,"3",6,4,4,4,3,3,2,2,3,3,2,3,3,6,4,3,5,3,4,5,4,3,3,4,5,3,3,5,4,5,3,4,3,5,5,4,4,3,4,3,4,4,4,5,4,6,4,5,5,5,5,4,5,5,5,5,4,5,3,4,5,4,5,4,5,6,4,4,4,6,4,6,3,4,5,4,5,6,3,3,5,5,4,4,6,NA,NA,NA,NA,NA,NA,NA,NA,NA,NA,NA,NA,NA,NA,NA,NA,NA,NA,NA,NA,NA,NA,NA,NA,NA,NA,NA,NA,"1",39,2,NA,NA,15,5
"41",16,0,"4",3,5,5,4,4,3,2,3,3,2,3,5,5,4,4,5,6,7,4,5,3,4,2,3,3,1,5,3,5,4,6,5,7,4,4,6,4,4,3,5,6,4,6,5,5,6,5,3,5,4,3,5,4,5,6,5,3,5,5,3,2,5,4,5,6,4,5,6,3,3,4,5,4,6,4,7,4,2,3,4,5,4,4,5,6,4,5,4,3,"5","1","4","3","5","5","4","5","3","2","4","4","3","2","3","5","4","4","6","5","0.99",0,"11",12,"1",22,2,0,16,16,4
"42",17,0,"4",6,7,5,5,7,5,5,6,5,6,7,5,7,1,6,5,6,7,5,7,3,3,3,3,5,0,5,5,1,1,1,2,5,6,7,5,2,3,3,3,2,6,2,6,2,6,2,6,2,6,6,6,2,6,2,6,6,6,2,2,6,2,6,2,7,5,4,2,6,2,7,2,2,6,6,7,7,2,7,1,7,7,6,1,6,4,4,3,4,"6","7","7","5","6","6","6","6","6","5","5","3","3","3","4","3","6","5","6","5","0.99",0,"10",14,"1",25,2,0,15,17,5
"43",18,0,"4",1,1,6,4,3,6,2,5,2,4,4,3,4,1,7,5,4,3,2,3,2,2,3,1,1,3,6,7,1,3,6,6,3,7,3,6,1,4,3,5,6,1,2,5,4,7,4,2,1,4,4,4,4,6,3,7,5,2,3,4,5,4,4,5,7,6,5,5,5,4,5,1,5,6,7,5,5,5,2,3,2,5,7,4,4,1,1,2,4,"3","4","5","4","4","7","6","1","3","6","2","4","2","1","3","3","3","2","5","3","0.99",0,"10",15,"1",23,2,0,8,18,4
"44",19,0,"4",6,7,4,1,7,7,7,7,6,6,5,6,1,1,1,1,2,2,2,7,4,4,4,4,7,-1,7,7,2,4,4,4,6,6,6,6,4,1,1,4,1,6,2,7,2,6,6,6,2,2,6,6,2,6,6,6,6,7,2,6,6,6,6,2,2,6,6,6,7,2,6,6,1,6,6,7,7,1,7,6,6,4,7,2,6,3,1,4,4,"7","7","7","7","7","7","7","7","5","6","6","4","4","5","5","5","4","2","2","4","0.99",0,"10",12,"1",26,3,0,12,19,4
"1004",20,1,"4",5,3,4,6,4,6,4,6,5,5,3,4,6,3,6,4,6,4,4,4,5,3,4,4,5,3,4,5,5,3,4,3,4,5,3,4,5,3,3,5,4,4,3,4,3,5,2,3,5,3,4,3,5,4,4,5,4,6,2,4,4,5,4,5,6,3,4,4,5,5,1,3,3,3,3,5,5,4,3,5,5,6,4,5,3,NA,NA,NA,NA,NA,NA,NA,NA,NA,NA,NA,NA,NA,NA,NA,NA,NA,NA,NA,NA,NA,NA,NA,NA,NA,NA,NA,NA,"1",38,2,NA,NA,20,3
"51",21,0,"5",5,6,6,5,7,6,6,5,6,6,6,6,4,5,5,6,6,7,6,6,2,3,2,4,4,0,6,5,5,6,7,6,6,6,7,7,4,5,4,5,5,5,5,6,7,6,6,6,6,7,7,5,6,5,5,5,6,6,6,6,6,5,6,6,7,6,5,6,6,5,7,7,2,5,6,6,7,6,4,6,6,5,5,6,7,3,4,5,4,"5","5","5","5","5","6","4","4","7","6","4","1","3","3","4","4","4","4","3","5","0.85",5,"6",18,"1",30,2,0.277777777777778,16,21,2
"52",22,0,"5",6,6,6,2,6,6,5,7,6,6,6,5,6,2,6,2,6,6,2,6,3,3,3,3,5,0,5,5,1,1,1,4,6,5,5,4,2,1,2,2,1,5,1,6,1,6,1,7,1,7,6,5,2,6,2,6,6,6,1,3,6,2,7,2,6,5,2,2,6,5,7,3,2,6,6,7,7,1,6,2,7,6,6,2,5,3,3,4,3,"5","6","6","6","6","5","5","6","6","6","6","3","3","3","4","3","6","6","6","5","0.85",5,"8",24,"1",33,2,0.208333333333333,13,22,5
"53",23,0,"5",5,7,2,1,5,5,6,6,6,2,2,1,1,2,2,2,2,6,2,6,3,3,3,4,5,1,5,2,2,2,2,2,2,1,1,2,1,1,1,5,4,5,5,7,1,1,5,6,1,7,7,7,2,7,5,7,7,7,2,5,7,6,6,5,6,6,6,5,6,3,3,5,2,7,6,6,5,2,5,2,6,6,7,2,6,5,3,5,5,"7","7","7","7","7","7","7","3","2","3","6","3","4","4","3","4","5","2","2","6","0.85",5,"7",21,"1",25,2,0.238095238095238,18,23,2
"54",24,0,"5",5,7,4,6,3,5,5,5,4,4,6,4,7,4,6,4,4,5,6,5,4,3,3,4,5,3,2,2,6,4,5,4,5,6,5,4,4,3,4,5,4,4,5,6,4,5,4,4,3,5,3,3,4,3,5,5,5,5,4,4,3,4,5,3,6,4,5,3,4,5,4,5,4,4,5,4,4,5,5,5,4,5,4,4,6,4,3,1,4,"6","3","5","3","5","4","6","3","4","4","6","3","1","4","3","3","6","3","4","4","0.85",5,"8",21,"1",31,2,0.238095238095238,12,24,1
"1005",25,1,"5",4,3,5,4,6,3,5,5,4,5,4,4,4,5,7,3,5,5,4,6,4,3,4,3,4,3,5,5,4,4,5,3,5,3,5,4,4,3,5,4,5,4,5,4,5,4,4,3,7,5,4,6,5,7,3,6,4,6,4,6,3,5,4,5,5,6,3,5,3,5,6,4,6,4,4,3,3,4,5,6,4,5,3,3,4,NA,NA,NA,NA,NA,NA,NA,NA,NA,NA,NA,NA,NA,NA,NA,NA,NA,NA,NA,NA,NA,NA,NA,NA,NA,NA,NA,NA,"1",45,2,NA,NA,25,2
"61",26,0,"6",2,6,6,2,7,1,5,5,6,5,4,6,5,2,2,3,4,2,5,3,3,4,3,4,6,0,5,6,2,3,2,2,6,5,5,2,1,1,1,1,1,6,2,6,2,6,2,7,2,6,6,7,2,6,3,2,6,6,2,1,4,5,6,1,6,6,5,2,6,2,5,4,7,1,6,6,6,1,6,2,1,6,7,3,6,3,3,2,4,"4","6","6","5","6","6","6","2","2","3","6","4","3","4","3","4","6","2","1","3","0.91",5,"9",15,"1",24,2,0.333333333333333,12,26,5
"62",27,0,"6",5,7,5,5,7,5,5,6,4,4,2,4,5,4,5,4,5,4,2,5,4,4,4,4,2,4,2,2,4,4,4,4,4,4,4,4,4,1,5,4,4,3,5,4,6,3,5,5,4,5,4,6,4,6,4,6,1,3,3,2,4,5,5,4,5,4,3,4,3,3,2,4,3,5,4,4,5,6,3,2,5,5,4,3,5,2,3,1,3,"6","7","7","7","7","7","6","6","6","7","6","5","5","4","2","2","3","2","6","6","0.91",5,"10",17,"1",27,2,0.294117647058824,9,27,5
"63",28,0,"6",4,6,6,4,6,6,5,6,6,6,6,6,2,2,6,5,6,5,3,5,3,3,3,4,6,5,6,5,4,3,3,5,6,5,5,4,4,1,1,3,3,5,4,4,3,5,4,6,6,5,5,5,5,5,5,5,5,6,5,5,6,5,6,5,4,5,5,3,3,3,4,3,2,5,5,5,7,3,6,4,6,6,6,6,6,3,3,4,4,"6","6","4","6","6","6","6","5","3","4","5","3","3","3","4","4","3","3","5","3","0.91",5,"8",14,"1",22,2,0.357142857142857,14,28,3
"64",29,0,"6",2,7,3,2,7,4,2,5,1,1,6,6,4,4,2,3,4,6,2,7,4,3,3,3,4,4,5,5,4,1,1,1,5,2,4,1,1,1,1,1,1,5,2,6,1,5,4,7,5,4,7,6,2,6,5,7,6,6,4,4,7,5,7,4,6,6,4,2,6,4,7,6,1,4,4,2,6,2,4,2,6,6,6,5,7,5,5,4,4,"6","6","5","7","6","7","7","6","5","5","5","3","3","3","3","3","5","5","6","5","0.91",5,"8",16,"1",30,2,0.3125,18,29,2
"1006",30,1,"6",4,1,4,3,4,5,5,4,4,6,4,5,7,5,4,3,3,5,3,4,4,3,3,5,4,3,4,5,4,3,5,5,4,4,5,3,4,4,3,3,4,5,3,3,5,4,3,5,4,4,4,5,5,4,6,5,3,2,4,2,4,5,5,4,5,4,6,4,4,5,6,4,4,5,3,4,5,3,4,4,6,3,5,3,3,NA,NA,NA,NA,NA,NA,NA,NA,NA,NA,NA,NA,NA,NA,NA,NA,NA,NA,NA,NA,NA,NA,NA,NA,NA,NA,NA,NA,"1",30,2,NA,NA,30,1
"71",31,0,"7",2,4,4,2,3,2,1,1,2,4,3,7,2,3,7,6,2,2,1,6,3,3,3,3,6,2,4,5,3,4,5,6,4,5,6,2,5,4,3,4,1,4,2,6,4,6,3,6,2,5,5,6,2,6,4,6,6,6,2,4,6,2,5,3,6,5,6,4,5,4,6,3,2,4,6,6,6,5,6,3,6,7,7,5,6,5,5,5,5,"6","6","7","7","7","7","7","4","3","6","5","4","4","3","4","4","6","3","2","5","0.95",2,"12",20,"1",27,2,0.1,20,31,1
"72",32,0,"7",5,2,2,2,3,5,6,2,7,4,5,6,3,3,6,5,6,4,3,4,4,3,5,4,4,2,5,6,5,4,4,5,1,4,4,2,4,5,4,6,5,3,5,4,6,4,5,5,5,5,3,4,3,2,4,5,6,4,4,6,3,5,6,5,6,4,4,5,6,4,4,6,3,4,6,3,3,5,4,5,5,5,5,4,3,3,4,4,3,"4","2","4","4","6","4","6","6","4","4","6","4","3","4","4","5","5","4","5","6","0.95",2,"10",23,"1",38,2,0.0869565217391304,14,32,3
"73",33,0,"7",6,5,6,5,5,6,7,6,3,2,4,6,2,5,5,6,6,6,6,5,4,3,4,4,7,3,6,6,3,2,2,1,1,3,2,2,2,1,1,1,2,2,3,6,1,6,2,6,2,7,6,6,2,6,4,6,7,7,2,5,3,6,5,2,6,6,7,3,7,2,6,2,5,6,7,6,7,2,6,2,6,6,6,2,4,1,4,4,4,"7","6","7","6","7","7","6","6","5","4","5","5","5","5","5","4","2","5","2","2","0.95",2,"11",24,"1",24,2,0.0833333333333333,13,33,4
"1007",34,1,"7",6,4,4,3,4,3,5,4,3,5,4,5,5,3,5,3,5,3,5,5,4,3,5,3,5,4,3,4,5,2,5,2,5,3,4,5,3,5,3,4,4,5,2,4,4,5,3,5,4,3,5,3,4,6,5,6,5,5,7,5,3,5,4,6,5,4,2,6,3,4,5,2,4,4,3,5,3,5,3,4,5,4,3,5,4,NA,NA,NA,NA,NA,NA,NA,NA,NA,NA,NA,NA,NA,NA,NA,NA,NA,NA,NA,NA,NA,NA,NA,NA,NA,NA,NA,NA,"1",38,2,NA,NA,34,2
"81",35,0,"8",4,5,2,6,7,4,3,6,5,4,2,6,2,4,6,5,5,4,2,6,3,3,3,3,7,-1,7,7,4,4,4,4,6,5,5,4,3,1,1,1,1,3,3,6,4,7,3,7,2,5,7,7,1,7,2,7,7,5,3,2,7,3,5,2,7,7,7,4,7,3,7,2,3,7,7,5,7,1,6,2,7,7,7,1,4,5,5,5,5,"7","7","7","7","7","7","7","2","1","4","3","4","5","4","4","4","6","3","3","6","0.87",4,"11",48,"1",29,2,0.0833333333333333,20,35,2
"82",36,0,"8",6,6,3,4,5,2,2,2,6,2,4,2,2,4,2,4,2,4,4,6,3,3,3,3,4,2,4,4,4,4,4,4,4,4,4,4,3,3,3,3,3,4,4,4,4,4,4,4,4,4,4,4,4,4,4,4,4,4,4,4,4,4,4,4,4,4,4,4,4,4,4,4,4,4,4,4,4,4,4,3,4,4,4,4,4,3,3,3,3,"4","4","4","4","4","4","4","4","4","4","4","3","3","3","3","3","4","4","4","4","0.87",4,"12",40,"2",32,2,0.1,12,36,5
"83",37,0,"8",1,6,2,6,7,6,5,7,4,6,1,5,2,4,6,6,3,7,4,6,4,3,2,4,2,1,4,4,4,3,5,5,4,5,5,4,4,2,4,2,5,5,3,5,3,6,3,6,6,4,5,4,5,3,6,3,5,3,5,4,4,5,2,5,5,5,3,5,2,5,4,3,3,3,6,6,6,5,6,6,6,6,3,5,5,2,3,4,4,"6","5","4","3","5","5","6","4","6","5","4","3","2","3","2","4","5","5","4","3","0.87",4,"10",42,"1",30,2,0.0952380952380952,13,37,3
"1008",38,1,"8",4,1,2,6,3,2,5,6,5,2,3,4,2,5,5,6,3,4,2,6,3,3,3,3,6,0,5,5,2,2,2,2,4,4,1,2,4,3,1,1,5,5,2,5,1,3,6,6,7,6,6,4,5,6,5,6,4,5,2,2,5,7,6,7,5,4,5,4,6,5,6,6,2,5,5,6,5,6,5,5,6,4,6,4,5,NA,NA,NA,NA,NA,NA,NA,NA,NA,NA,NA,NA,NA,NA,NA,NA,NA,NA,NA,NA,NA,NA,NA,NA,NA,NA,NA,NA,"1",29,2,NA,NA,38,1
"91",39,0,"9",3,6,2,2,3,6,2,3,4,6,4,5,4,6,7,5,2,6,2,6,3,4,4,3,5,1,5,4,6,6,6,6,6,7,6,6,3,4,3,2,4,6,4,3,2,3,5,5,4,4,4,4,4,4,4,3,3,3,4,4,4,4,3,3,4,5,6,5,4,4,1,3,5,4,4,4,3,4,3,4,4,5,3,2,1,3,3,3,4,"6","6","5","5","6","6","6","6","6","6","7","4","2","3","3","3","5","5","6","6","0.9",3,"11",35,"1",26,2,0.0857142857142857,13,39,2
"92",40,0,"9",7,7,6,4,7,7,6,7,6,7,7,3,1,1,1,3,1,7,2,7,4,5,5,5,7,-1,7,7,4,1,1,7,5,6,6,1,1,1,1,1,1,7,6,7,1,7,2,7,2,7,7,7,1,6,1,7,7,7,1,1,7,1,7,1,6,7,7,6,7,7,7,7,1,7,7,2,7,7,7,2,7,7,7,7,7,5,5,5,5,"7","7","7","7","7","7","7","7","7","7","7","5","5","5","5","5","7","2","7","4","0.9",3,"12",32,"2",25,2,0.09375,20,40,3
"93",41,0,"9",3,6,2,3,3,3,5,5,6,6,2,2,2,2,1,3,3,2,2,6,3,3,4,4,5,1,5,5,5,5,5,5,5,5,5,5,3,5,4,5,5,4,4,5,2,2,4,6,6,5,5,5,5,7,5,5,5,4,5,3,5,5,7,6,5,5,5,6,5,5,5,4,2,6,6,6,5,6,6,5,4,4,3,6,6,5,4,3,3,"6","6","6","6","6","6","7","5","5","5","6","4","4","4","4","4","6","6","6","6","0.9",3,"10",36,"1",33,5,0.0833333333333333,15,41,1
"1009",42,1,"9",1,1,6,1,6,6,2,6,2,1,6,7,1,2,5,1,1,7,6,7,4,4,5,5,6,5,6,6,1,1,1,1,2,1,2,1,1,1,1,1,1,5,2,7,1,6,5,7,5,7,7,6,2,7,2,7,7,7,4,5,7,7,7,4,7,7,7,2,7,5,7,5,2,6,7,2,5,1,7,2,7,7,7,5,2,NA,NA,NA,NA,NA,NA,NA,NA,NA,NA,NA,NA,NA,NA,NA,NA,NA,NA,NA,NA,NA,NA,NA,NA,NA,NA,NA,NA,"1",27,2,NA,NA,42,4
"101",43,0,"10",2,6,7,2,6,6,5,5,3,6,6,5,3,4,5,5,5,6,6,6,3,3,3,3,6,0,4,6,2,2,2,2,2,2,2,2,2,1,1,1,1,4,2,2,2,4,4,6,2,4,4,5,2,6,2,4,4,6,2,4,4,2,4,2,6,4,6,4,6,4,4,4,3,6,4,6,6,2,5,4,4,3,6,4,4,5,3,4,4,"6","6","6","6","6","6","6","3","2","3","6","4","4","3","4","5","2","4","2","4","0.96",1,"15",25,"1",30,2,0.04,16,43,1
"102",44,0,"10",3,7,1,6,3,2,5,3,4,6,3,3,6,2,3,3,4,6,1,3,3,4,4,3,6,4,6,6,2,2,2,2,5,2,2,2,1,1,1,1,1,6,2,6,2,6,2,7,3,6,7,6,2,7,5,6,6,7,5,5,7,5,6,2,6,6,7,2,6,3,6,5,2,6,6,6,6,2,5,2,6,6,6,3,6,3,3,4,4,"6","6","6","7","7","6","6","6","2","4","6","4","4","4","4","4","6","2","4","3","0.96",1,"12",24,"1",28,2,0.0416666666666667,14,44,3
"103",45,0,"10",5,1,3,5,1,2,3,6,6,2,7,6,5,1,5,4,6,7,6,7,3,4,5,3,5,0,5,6,3,2,2,1,4,1,1,1,2,1,1,1,1,6,1,6,1,6,4,7,3,6,6,6,1,6,5,6,5,7,3,2,6,5,6,5,5,6,6,4,7,5,6,6,1,7,7,7,5,3,7,5,6,6,7,3,5,3,4,3,4,"6","6","5","7","6","6","6","4","2","5","5","4","4","4","3","3","4","4","2","2","0.96",1,"14",22,"1",31,2,0.0454545454545455,14,45,3
"1010",46,1,"10",2,6,6,5,6,6,3,6,3,2,6,2,1,6,2,4,2,5,3,6,3,4,3,4,6,3,5,5,3,3,2,2,5,4,5,2,2,2,2,2,2,6,3,5,2,5,2,6,5,6,6,6,2,6,5,6,7,6,2,2,5,2,6,2,6,6,6,2,6,2,6,2,3,5,6,2,6,3,5,2,5,2,6,2,6,NA,NA,NA,NA,NA,NA,NA,NA,NA,NA,NA,NA,NA,NA,NA,NA,NA,NA,NA,NA,NA,NA,NA,NA,NA,NA,NA,NA,"1",26,2,NA,NA,46,4
"111",47,0,"11",2,7,5,5,4,4,5,7,5,3,1,4,3,4,3,5,2,3,4,7,3,4,4,3,5,3,4,5,3,3,2,5,5,5,5,5,2,1,1,1,2,6,4,4,4,7,3,6,5,6,6,6,6,7,2,5,5,6,2,5,6,1,5,4,6,4,6,6,5,7,6,5,3,6,6,6,6,6,6,2,6,4,6,2,4,4,5,3,5,"4","5","5","6","6","6","6","4","6","4","5","4","4","4","5","4","6","4","4","4","0.99",0,"18",15,"1",28,2,0,17,47,1
"112",48,0,"11",2,6,4,5,3,2,6,2,4,7,4,6,1,4,1,6,1,6,4,6,3,4,3,3,6,3,4,5,2,3,2,5,5,5,5,3,4,1,1,3,2,7,5,7,1,5,4,6,6,3,7,7,5,7,5,7,5,4,1,5,6,2,6,7,6,5,4,3,4,5,6,3,4,4,4,5,7,4,7,3,7,3,5,6,7,5,5,4,3,"5","5","6","6","6","6","5","4","3","4","4","3","4","3","4","4","4","4","3","4","0.99",0,"18",18,"2",27,3,0,17,48,3
"113",49,0,"11",1,7,6,2,5,3,5,6,6,7,5,7,5,6,7,7,1,5,4,4,4,4,4,4,6,2,5,6,1,1,1,1,5,6,6,4,3,1,1,1,1,3,3,5,1,6,6,6,5,6,5,7,1,7,6,5,6,6,3,5,5,6,7,6,6,6,6,2,6,5,4,4,6,5,5,5,6,3,6,3,5,5,6,2,5,4,4,4,3,"5","4","6","6","6","5","4","5","5","5","5","3","4","3","4","3","5","4","1","3","0.99",0,"15",16,"1",25,2,0,15,49,4
"1011",50,1,"11",1,7,6,5,2,2,5,4,7,7,3,5,6,6,3,6,1,4,6,7,3,3,3,3,6,4,5,5,2,5,2,2,7,5,7,3,1,1,1,1,1,3,6,6,1,5,4,7,5,6,6,6,2,7,5,5,7,6,3,7,7,7,7,4,6,4,6,4,6,6,6,6,2,5,6,6,6,6,7,4,6,2,7,3,4,NA,NA,NA,NA,NA,NA,NA,NA,NA,NA,NA,NA,NA,NA,NA,NA,NA,NA,NA,NA,NA,NA,NA,NA,NA,NA,NA,NA,"1",28,2,NA,NA,50,4
"121",51,0,"12",3,6,3,4,3,2,6,7,6,4,3,6,5,4,3,5,3,5,6,6,3,2,3,3,5,0,6,5,2,4,5,4,3,3,3,2,3,1,1,2,2,6,4,5,2,6,2,7,5,3,6,6,6,6,6,5,6,3,4,6,5,2,6,3,3,5,5,4,5,6,6,3,3,6,3,6,6,5,3,6,6,6,6,5,6,5,5,4,4,"6","6","7","5","5","6","6","2","3","4","5","3","3","4","4","3","1","4","3","3","0.85",7,"6",4,"2",22,2,1.75,18,51,4
"122",52,0,"12",5,7,5,5,7,6,3,6,5,2,3,6,2,3,5,6,5,6,3,6,3,3,3,3,4,2,4,4,5,5,3,3,3,4,4,4,3,3,3,3,3,5,5,5,2,5,3,5,3,5,5,5,2,6,6,6,5,5,2,2,6,2,5,3,6,6,6,5,6,2,6,2,1,6,6,6,6,2,6,2,6,6,6,2,5,3,3,4,4,"6","6","6","6","6","6","6","6","4","4","2","3","3","4","4","4","6","3","2","6","0.85",7,"8",4,"1",25,2,1.75,14,52,3
"123",53,0,"12",6,6,5,5,6,6,5,6,5,6,6,6,5,5,5,6,5,6,5,6,4,4,3,2,5,3,5,6,1,1,1,1,5,5,6,1,1,2,3,1,1,5,1,5,1,6,5,6,2,7,5,6,1,6,3,5,5,6,2,1,6,5,5,1,7,6,4,2,6,5,6,5,2,6,7,5,6,5,5,3,6,6,6,2,6,4,4,4,5,"5","6","5","6","5","5","5","6","5","6","6","3","4","3","3","4","6","2","5","5","0.85",7,"7",3,"1",28,2,2.33333333333333,17,53,1
"124",54,0,"12",1,7,7,1,7,7,1,7,2,1,7,1,1,7,7,1,6,7,7,1,3,4,3,3,5,1,5,3,2,2,2,1,1,2,6,1,1,1,1,1,1,2,1,6,1,6,5,5,1,5,5,5,1,5,1,5,5,7,1,1,6,1,6,1,6,5,5,1,5,1,5,1,2,6,6,1,5,5,7,2,6,6,7,1,6,3,4,4,4,"6","5","5","6","6","5","5","6","5","6","6","3","3","4","3","4","6","1","5","6","0.85",7,"8",2,"1",29,2,3.5,15,54,5
"125",55,0,"12",7,6,2,7,1,2,5,6,6,6,2,5,6,2,6,6,6,2,1,6,2,3,3,3,6,1,5,6,4,3,2,4,3,3,2,1,1,1,1,1,1,7,2,4,2,7,1,1,1,7,6,7,2,7,5,5,7,6,3,4,6,1,7,5,4,5,6,6,6,5,5,2,2,6,5,6,6,3,6,4,6,6,7,3,6,2,5,4,3,"6","5","5","6","7","7","7","4","6","2","6","4","4","2","4","5","7","4","1","5","0.85",7,"8",3,"2",29,2,2.33333333333333,14,55,5
"1012",56,1,"12",7,7,1,6,7,5,3,6,4,3,4,7,1,4,6,7,5,3,3,6,3,2,3,1,7,0,5,6,1,2,2,7,1,2,2,1,4,1,2,1,2,3,2,6,2,5,5,6,1,5,7,7,1,7,5,5,5,7,2,2,5,5,7,3,5,5,6,6,6,4,6,5,2,5,6,6,6,5,4,5,6,2,7,1,6,NA,NA,NA,NA,NA,NA,NA,NA,NA,NA,NA,NA,NA,NA,NA,NA,NA,NA,NA,NA,NA,NA,NA,NA,NA,NA,NA,NA,"1",24,2,NA,NA,56,5
"131",57,0,"13",7,3,2,6,3,1,6,6,7,7,2,5,1,1,6,5,7,7,3,5,4,4,4,4,5,3,6,6,2,2,1,2,5,6,7,3,1,1,1,1,1,6,1,6,1,5,2,6,1,7,7,7,1,7,1,7,7,7,1,1,7,2,6,1,6,7,7,1,7,7,7,1,1,7,7,7,7,5,7,1,7,7,7,1,7,2,3,3,3,"5","5","6","6","6","5","5","6","6","6","6","4","4","4","4","4","5","5","5","6","0.9",4,"5",8,"1",34,2,0.5,11,57,3
"132",58,0,"13",6,6,5,3,3,3,5,4,6,2,2,6,2,5,7,1,3,5,3,6,3,3,3,4,5,1,5,6,5,3,5,3,4,4,3,2,3,3,2,4,5,6,2,3,4,5,5,7,2,6,5,6,2,6,5,6,6,7,3,5,6,6,6,5,5,6,6,5,6,4,7,7,2,6,6,6,5,6,5,2,6,6,6,2,6,3,4,2,3,"6","6","6","7","7","6","6","2","5","5","6","3","3","2","4","3","5","3","3","6","0.9",4,"6",9,"1",29,2,0.444444444444444,12,58,1
"133",59,0,"13",6,6,6,5,7,2,2,5,5,5,6,2,3,3,6,5,6,6,2,6,3,4,3,3,5,1,5,5,1,1,1,5,6,6,6,5,2,2,3,3,3,1,1,5,1,4,2,6,1,5,5,5,2,7,2,7,4,6,1,6,6,6,7,2,5,4,4,3,5,5,7,5,2,6,6,7,5,5,7,2,5,5,5,2,5,3,3,3,3,"5","6","6","5","6","6","6","5","5","5","6","3","3","3","3","4","6","6","5","6","0.9",4,"8",7,"1",30,2,0.571428571428571,12,59,2
"134",60,0,"13",5,7,6,5,6,6,7,6,7,6,6,6,5,2,6,6,6,5,6,7,4,3,4,5,5,1,5,5,4,4,4,4,4,4,4,4,3,3,3,3,3,6,2,2,4,4,4,4,4,4,4,4,4,4,4,4,4,4,4,4,4,4,4,4,4,4,4,4,4,4,4,4,4,4,4,4,4,4,4,4,4,4,4,3,4,1,1,1,2,"6","7","6","7","7","7","7","5","5","6","6","4","5","2","3","4","6","6","2","2","0.9",4,"5",6,"1",33,2,0.666666666666667,5,60,3
"135",61,0,"13",6,6,5,5,6,2,6,6,6,7,5,2,6,2,6,2,7,7,1,7,3,3,3,3,5,1,5,5,1,1,1,5,6,6,7,2,2,3,2,3,3,5,2,5,1,5,2,6,2,6,2,5,1,6,3,5,5,5,2,5,5,2,6,1,6,5,4,2,5,6,5,5,2,6,6,6,7,3,5,2,6,6,5,2,6,4,3,4,3,"5","5","6","5","5","5","5","5","6","5","5","3","3","3","3","3","5","5","5","5","0.9",4,"7",8,"1",29,2,0.5,14,61,3
"1013",62,1,"13",6,7,7,5,6,6,6,7,6,7,7,6,6,1,6,2,6,6,2,6,3,4,3,4,6,4,6,5,3,2,2,5,5,2,6,3,3,2,1,4,3,2,2,6,2,5,6,6,2,6,6,6,1,7,5,7,7,3,1,5,5,2,5,1,6,5,5,2,6,6,6,6,2,6,6,6,6,5,6,2,6,5,6,2,6,NA,NA,NA,NA,NA,NA,NA,NA,NA,NA,NA,NA,NA,NA,NA,NA,NA,NA,NA,NA,NA,NA,NA,NA,NA,NA,NA,NA,"1",42,2,NA,NA,62,2
"141",63,0,"14",5,5,5,6,5,5,5,6,5,6,2,6,6,1,5,5,6,6,2,6,3,3,3,3,5,1,5,5,1,1,1,1,5,5,5,1,1,1,1,1,1,2,2,5,1,5,2,5,3,6,7,5,1,6,2,7,6,7,1,1,5,1,6,1,7,7,5,5,5,6,7,5,2,6,5,6,6,5,6,1,6,7,6,1,6,3,3,3,3,"6","5","5","4","6","5","5","5","5","5","5","3","3","3","3","4","5","5","5","7","0.93",2,"3",16,"1",30,2,0.125,12,63,1
"142",64,0,"14",5,7,7,4,5,4,6,6,4,6,2,6,3,2,5,3,3,7,6,6,4,3,4,3,6,0,6,7,2,2,2,1,5,6,6,6,3,2,2,3,5,7,1,6,1,6,1,6,3,6,6,7,1,6,1,6,7,6,1,1,6,4,6,1,6,6,4,5,6,5,7,5,2,6,6,6,7,1,7,5,6,7,6,1,7,4,4,3,4,"5","6","6","7","5","6","6","4","4","4","6","4","4","3","4","4","5","4","4","5","0.93",2,"2",18,"2",26,2,0.111111111111111,15,64,3
"143",65,0,"14",5,7,6,7,7,6,2,7,7,2,5,7,7,5,2,4,2,6,6,7,4,5,4,4,7,-1,7,7,7,2,2,2,4,4,4,4,6,2,4,5,5,5,2,2,3,6,7,7,1,7,6,6,2,7,7,7,6,6,2,4,6,6,6,2,6,6,6,4,6,6,6,6,2,6,6,6,6,5,6,4,5,6,6,2,4,3,5,5,4,"6","7","7","7","6","7","6","7","7","5","7","4","5","5","5","5","7","7","7","7","0.93",2,"1",20,"1",26,2,0.1,17,65,1
"144",66,0,"14",6,6,6,5,6,5,5,6,5,6,5,5,6,2,6,2,6,6,5,6,4,3,3,4,5,1,6,5,1,2,1,5,5,5,6,2,2,2,1,2,2,5,2,6,1,5,5,6,2,6,5,5,1,6,2,6,5,5,2,3,6,3,6,3,6,6,5,2,5,5,7,5,1,6,5,6,2,6,6,2,6,5,6,2,6,3,3,3,4,"6","5","6","6","5","6","5","6","5","6","6","3","3","3","3","4","5","5","5","5","0.93",2,"2",21,"1",27,2,0.0952380952380952,13,66,3
"1014",67,1,"14",1,7,7,7,7,1,7,7,7,7,7,7,7,1,7,7,7,7,1,7,3,3,3,3,5,1,6,6,1,1,1,1,7,7,7,4,1,3,1,1,3,7,1,7,1,7,1,7,1,7,7,7,1,7,1,7,7,7,1,1,7,1,7,1,7,4,4,1,7,1,7,1,1,7,7,7,7,7,7,1,7,1,7,1,1,NA,NA,NA,NA,NA,NA,NA,NA,NA,NA,NA,NA,NA,NA,NA,NA,NA,NA,NA,NA,NA,NA,NA,NA,NA,NA,NA,NA,"1",34,2,NA,NA,67,3
"151",68,0,"15",4,7,4,4,7,4,5,6,4,7,3,5,1,1,7,7,4,4,5,6,3,3,3,4,5,3,5,7,1,1,1,1,1,1,4,4,2,4,3,2,4,7,1,7,1,7,1,7,5,7,7,7,1,1,1,7,7,7,1,4,7,7,7,1,5,5,6,7,7,1,6,4,1,7,7,7,7,2,7,1,7,6,7,7,7,3,3,3,3,"5","7","7","7","7","7","7","7","7","3","6","3","3","5","5","5","5","7","5","5","0.88",5,"5",15,"1",26,2,0.333333333333333,12,68,1
"152",69,0,"15",4,6,5,3,5,4,5,3,3,2,6,4,5,4,5,5,2,3,5,5,3,3,3,3,5,2,4,4,4,2,2,2,2,2,2,2,4,1,1,1,1,4,3,4,4,5,4,6,2,4,4,6,1,7,7,3,6,7,2,2,6,3,4,4,6,6,5,4,4,3,4,4,1,6,6,7,6,1,7,2,5,4,7,3,4,4,3,4,4,"5","7","6","6","6","6","6","4","4","4","3","3","3","3","3","2","4","3","5","3","0.88",5,"6",14,"1",23,2,0.357142857142857,15,69,4
"153",70,0,"15",3,7,6,1,7,6,2,6,4,2,6,4,7,2,6,1,6,6,6,6,5,4,4,4,6,0,6,7,4,1,1,2,1,1,1,1,1,1,1,1,1,1,1,6,1,6,4,7,6,6,6,7,1,6,1,6,6,6,1,1,6,6,6,1,6,6,4,2,6,6,6,6,2,6,6,6,6,1,6,5,6,6,6,5,6,4,3,4,3,"6","7","7","7","7","7","7","4","2","2","4","4","4","3","5","5","1","2","2","2","0.88",5,"4",18,"1",25,2,0.277777777777778,14,70,1
"154",71,0,"15",5,3,5,7,2,2,6,6,5,6,3,6,2,2,6,6,5,5,2,6,3,4,3,3,2,0,5,6,5,6,2,7,4,4,5,3,4,4,2,5,5,4,6,6,7,3,4,6,2,6,2,7,2,6,4,6,5,6,3,3,7,3,6,3,6,6,6,3,7,3,7,3,1,6,6,6,5,2,6,2,7,6,6,4,6,4,3,2,4,"7","6","6","6","6","6","6","2","2","1","2","2","3","2","1","3","6","2","5","6","0.88",5,"5",16,"1",24,2,0.3125,13,71,5
"1015",72,1,"15",3,5,6,2,6,6,2,6,3,5,6,6,5,6,6,3,3,6,5,6,3,3,3,3,5,4,6,4,1,1,1,4,4,5,6,2,3,1,2,2,3,6,2,6,2,5,2,6,2,6,6,6,2,6,5,6,6,6,2,3,5,2,6,2,6,5,5,2,6,5,6,2,3,5,6,6,6,5,6,2,6,6,6,2,4,NA,NA,NA,NA,NA,NA,NA,NA,NA,NA,NA,NA,NA,NA,NA,NA,NA,NA,NA,NA,NA,NA,NA,NA,NA,NA,NA,NA,"1",44,2,NA,NA,72,2
"161",73,0,"16",7,6,5,5,3,3,6,7,5,7,5,2,5,1,6,5,6,6,2,5,3,3,4,3,5,1,5,5,2,1,2,5,6,6,6,5,2,2,1,2,2,5,3,5,2,6,5,6,3,5,5,5,3,6,4,5,5,5,3,4,6,4,7,3,5,6,6,2,6,6,6,5,2,6,6,6,6,5,6,3,5,6,5,3,5,3,3,4,3,"5","5","6","6","5","5","5","5","5","5","6","3","3","3","3","3","6","6","6","6","0.94",1,"10",28,"1",36,2,0.0357142857142857,13,73,1
"162",74,0,"16",6,7,4,7,7,4,7,5,6,1,5,6,6,1,5,4,6,6,6,6,2,2,3,3,2,3,5,4,3,4,2,3,2,2,3,2,2,3,3,2,2,3,4,4,4,3,2,4,4,4,3,1,2,2,2,1,1,3,3,2,3,2,2,2,2,3,3,3,2,2,3,4,3,4,2,5,4,3,2,3,4,3,2,2,1,4,2,4,4,"5","4","3","3","4","3","2","3","4","5","3","3","3","2","3","3","5","4","3","4","0.94",1,"11",24,"1",26,2,0.0416666666666667,14,74,3
"163",75,0,"16",3,6,6,5,5,3,5,5,4,3,3,3,5,1,5,2,1,1,5,6,2,4,3,3,5,4,5,2,1,2,3,3,2,3,4,3,3,4,2,2,3,6,1,6,1,6,1,6,2,6,6,7,2,7,2,7,7,7,2,2,7,2,3,2,6,6,6,2,6,2,6,2,6,6,6,3,6,2,6,2,6,6,6,2,6,3,2,4,2,"6","5","5","6","5","5","5","5","5","3","6","2","2","1","4","3","3","2","3","1","0.94",1,"6",30,"1",32,2,0.0333333333333333,11,75,1
"164",76,0,"16",6,6,2,5,6,2,6,7,6,7,7,1,7,1,7,1,7,7,1,6,3,3,3,4,5,1,5,5,2,1,1,4,5,5,5,5,1,1,1,1,1,5,4,5,1,5,5,5,3,6,5,2,1,6,5,6,6,6,2,1,6,1,6,1,6,5,6,1,4,4,6,4,2,6,6,6,1,5,7,1,6,5,6,2,7,3,3,4,3,"5","5","6","6","5","6","5","5","6","6","6","3","4","3","3","3","5","5","6","5","0.94",1,"8",30,"1",31,2,0.0333333333333333,13,76,2
"165",77,0,"16",3,7,5,5,6,2,5,6,6,5,5,6,2,4,5,4,5,6,2,6,3,3,3,3,5,1,5,6,3,2,1,1,5,5,5,3,3,3,2,1,1,2,1,4,5,4,2,6,2,6,6,4,2,6,6,5,4,6,5,5,6,3,6,2,6,5,5,3,5,6,6,6,2,6,6,2,5,5,6,6,6,6,6,6,7,3,2,3,4,"6","6","6","6","6","6","6","6","6","6","6","3","3","3","4","1","6","5","5","6","0.94",1,"10",29,"2",27,2,0.0344827586206897,12,77,4
"1016",78,1,"16",5,6,5,6,6,5,6,6,6,6,5,6,6,2,7,5,6,6,5,6,3,3,3,3,5,4,5,5,1,1,1,1,1,1,5,1,1,1,1,1,1,1,2,7,1,5,2,5,2,6,5,6,2,6,5,5,6,5,2,2,5,2,5,2,5,6,2,2,6,2,5,2,3,5,5,5,2,5,5,2,5,6,6,1,5,NA,NA,NA,NA,NA,NA,NA,NA,NA,NA,NA,NA,NA,NA,NA,NA,NA,NA,NA,NA,NA,NA,NA,NA,NA,NA,NA,NA,"1",33,2,NA,NA,78,5
"171",79,0,"17",6,5,2,6,3,2,7,5,5,6,2,6,6,6,6,2,2,5,2,5,4,3,3,3,6,4,6,6,4,6,4,4,2,2,5,5,3,1,1,1,1,2,2,3,2,6,4,6,4,4,5,6,2,6,2,4,6,6,2,2,5,4,5,2,4,4,4,2,2,5,6,3,6,6,5,6,6,4,5,4,5,4,7,4,4,4,4,3,3,"6","5","6","6","7","5","6","5","4","5","4","4","3","3","4","4","6","5","3","6","0.99",0,"9",22,"1",34,2,0,14,79,1
"172",80,0,"17",6,7,6,5,7,5,5,7,5,7,7,5,7,1,7,1,7,7,1,7,3,3,3,3,5,0,5,6,1,1,1,5,5,5,6,3,3,1,2,3,1,1,1,7,1,5,1,5,2,6,5,6,2,7,1,6,3,6,2,3,5,2,7,2,7,5,6,2,6,6,7,6,1,7,6,5,3,3,6,5,6,6,6,1,6,3,3,4,4,"5","5","6","6","6","5","6","6","6","6","5","3","3","3","4","3","6","5","6","6","0.99",0,"8",20,"1",35,2,0,14,80,4
"173",81,0,"17",3,6,3,5,6,6,3,3,3,3,4,3,2,4,5,5,4,4,3,4,1,1,2,1,2,4,2,2,1,2,2,2,4,5,5,3,2,2,2,2,3,2,4,5,5,3,5,4,3,3,3,3,5,5,4,3,4,4,5,5,5,5,4,4,3,4,4,4,4,4,2,3,5,4,2,4,4,4,4,4,4,4,4,4,4,3,4,4,4,"4","4","4","4","3","3","4","3","5","5","4","2","3","4","4","3","3","4","4","4","0.99",0,"9",18,"1",29,2,0,15,81,2
"174",82,0,"17",7,7,5,7,7,2,3,7,7,7,7,5,7,2,6,6,1,7,1,7,3,4,5,5,7,5,7,7,1,1,1,1,5,5,2,1,2,6,3,6,4,1,5,2,1,7,4,7,1,7,7,7,1,6,1,6,6,7,1,1,7,6,5,1,6,6,5,6,6,1,5,2,3,7,7,5,5,2,6,1,6,6,6,1,1,3,5,2,1,"7","7","7","7","7","7","6","1","1","2","2","3","4","5","5","4","1","1","5","1","0.99",0,"9",18,"1",39,2,0,11,82,5
"1017",83,1,"17",5,7,7,5,7,5,5,7,5,7,7,5,7,2,6,2,6,6,2,6,3,3,3,3,6,0,6,5,2,1,1,5,5,4,5,2,2,1,3,2,2,5,1,6,1,5,2,5,1,1,1,5,3,6,3,6,6,6,2,2,6,5,6,2,6,5,2,2,6,2,6,5,2,6,6,5,6,2,6,2,6,6,6,2,6,NA,NA,NA,NA,NA,NA,NA,NA,NA,NA,NA,NA,NA,NA,NA,NA,NA,NA,NA,NA,NA,NA,NA,NA,NA,NA,NA,NA,"1",37,2,NA,NA,83,3
"181",84,0,"18",5,6,2,6,6,3,5,4,4,5,1,3,3,5,6,5,3,3,1,4,3,4,3,1,5,0,6,6,4,4,4,4,4,4,4,4,3,3,3,1,4,3,2,3,5,6,6,5,4,4,4,2,1,3,4,5,4,5,5,6,6,5,3,4,4,5,6,5,5,4,4,3,7,4,4,4,6,4,3,4,2,1,4,5,4,4,3,3,4,"3","6","6","6","6","6","6","6","6","6","6","4","4","3","4","3","6","6","5","5","0.95",2,"6",22,"1",31,2,0.0909090909090909,14,84,4
"182",85,0,"18",5,6,6,5,4,5,5,6,2,5,6,2,6,3,5,5,5,6,2,6,3,4,4,3,5,1,5,6,1,1,1,2,2,2,5,3,1,1,2,2,2,5,3,6,1,4,5,7,3,5,5,5,3,6,4,6,6,5,2,2,6,2,6,2,7,4,5,3,3,3,7,5,2,6,6,6,6,5,6,2,7,5,6,2,6,3,4,4,3,"5","6","5","5","6","5","5","5","6","6","5","3","3","3","4","3","5","5","5","6","0.95",2,"7",24,"1",27,2,0.0833333333333333,14,85,4
"183",86,0,"18",5,7,6,3,4,3,5,3,3,6,2,5,3,2,5,4,2,6,5,6,3,3,3,3,6,-1,7,7,2,2,2,1,6,5,6,5,4,1,1,3,3,5,3,6,2,7,1,7,3,6,6,7,1,7,5,7,7,6,2,2,6,2,6,2,5,6,6,2,6,4,7,2,3,6,6,5,6,5,5,5,6,7,6,2,6,4,3,4,4,"6","6","6","6","7","6","7","5","3","4","3","4","4","3","4","3","5","3","3","5","0.95",2,"7",21,"1",29,2,0.0952380952380952,15,86,3
"184",87,0,"18",1,7,2,3,3,2,5,6,6,7,5,2,2,3,5,5,5,3,1,7,3,4,4,4,6,5,6,6,3,1,1,1,3,2,6,2,6,1,1,1,1,2,1,7,1,6,3,6,2,7,6,6,1,7,2,6,7,6,2,2,7,6,7,2,6,6,6,4,7,5,6,6,2,7,7,1,3,2,4,3,6,6,7,2,4,4,4,3,4,"6","6","6","6","7","7","7","5","5","4","3","3","4","4","4","4","6","5","3","1","0.95",2,"7",19,"2",28,2,0.105263157894737,15,87,5
"1018",88,1,"18",6,7,5,6,5,3,6,6,7,5,6,7,5,2,6,5,5,6,5,6,3,3,3,3,5,3,5,5,2,1,2,4,3,3,6,2,1,1,2,2,1,1,3,6,1,5,2,6,2,6,4,4,2,7,5,6,4,7,1,1,7,6,6,2,6,5,6,2,6,5,7,5,2,7,5,6,3,6,7,2,6,6,6,2,6,NA,NA,NA,NA,NA,NA,NA,NA,NA,NA,NA,NA,NA,NA,NA,NA,NA,NA,NA,NA,NA,NA,NA,NA,NA,NA,NA,NA,"1",33,2,NA,NA,88,5
"191",89,0,"19",6,6,6,6,6,6,6,6,6,6,6,6,6,6,6,7,6,6,6,6,3,3,3,3,6,4,6,7,5,2,2,2,2,3,2,2,1,1,1,1,1,7,1,4,1,7,1,7,4,7,4,7,4,7,4,7,7,7,4,2,7,4,7,2,7,7,6,6,7,7,5,2,4,7,7,7,6,1,7,1,7,5,7,4,7,3,3,3,3,"6","6","6","6","6","6","6","3","2","2","6","3","3","1","2","2","2","2","2","2","0.9",4,"8",18,"1",28,2,0.222222222222222,12,89,4
"192",90,0,"19",6,7,7,6,5,6,6,4,4,2,3,4,4,3,6,5,6,5,6,6,4,5,4,4,7,0,7,7,6,4,3,1,5,6,7,4,5,5,6,5,4,3,1,2,6,7,4,7,7,7,7,7,7,7,7,7,7,7,6,1,6,1,1,3,5,6,6,6,6,7,5,5,2,5,7,7,5,6,5,6,5,5,7,6,6,4,5,4,5,"7","7","7","6","7","6","6","7","6","7","7","5","4","4","3","4","6","6","6","6","0.9",4,"8",20,"1",35,2,0.2,18,90,2
"193",91,0,"19",7,7,1,7,7,1,7,7,7,7,7,1,7,1,7,1,7,7,1,7,3,3,3,3,5,1,6,5,1,1,1,1,5,5,5,1,1,1,1,1,1,5,1,6,2,7,1,6,1,6,1,5,1,6,1,6,6,6,1,1,5,1,6,1,7,6,2,1,2,1,6,1,2,6,6,1,6,6,6,1,1,6,1,1,5,3,3,3,3,"6","6","6","6","6","6","6","5","5","2","5","3","3","3","3","3","5","2","6","7","0.9",4,"7",22,"1",27,2,0.181818181818182,12,91,3
"194",92,0,"19",2,6,6,5,6,3,5,4,5,6,2,5,2,3,2,3,2,2,2,6,4,3,4,4,7,-1,7,7,2,1,1,5,6,6,6,5,4,1,1,2,2,6,6,6,5,6,6,7,5,6,6,6,2,7,5,7,6,7,2,7,7,5,7,6,7,6,6,5,6,7,7,3,1,6,6,5,6,5,5,5,7,7,7,5,7,4,4,4,5,"6","5","6","6","6","6","6","3","3","3","5","3","4","4","4","5","5","2","5","5","0.9",4,"6",19,"2",28,2,0.210526315789474,17,92,3
"1019",93,1,"19",6,6,2,6,6,2,6,6,6,6,6,6,6,2,6,6,6,6,2,6,3,3,3,4,6,1,5,5,1,1,1,6,5,5,6,1,2,2,3,2,1,1,1,7,1,5,7,5,1,6,5,5,1,6,1,6,4,6,1,1,6,6,6,1,6,5,5,1,7,1,4,6,1,7,7,7,1,1,7,1,5,2,6,2,2,NA,NA,NA,NA,NA,NA,NA,NA,NA,NA,NA,NA,NA,NA,NA,NA,NA,NA,NA,NA,NA,NA,NA,NA,NA,NA,NA,NA,"1",37,2,NA,NA,93,3
"201",94,0,"20",5,6,6,5,4,3,5,6,4,6,3,6,1,2,5,3,2,6,6,6,4,3,3,4,7,0,5,6,2,2,1,1,6,6,6,5,2,2,1,4,4,5,2,6,2,6,3,6,3,6,5,6,1,6,5,6,6,6,2,2,5,2,6,3,6,5,4,5,6,6,5,4,2,5,6,6,5,4,6,5,5,4,6,2,5,4,3,4,4,"6","6","5","6","6","6","6","3","3","4","6","4","4","4","4","4","5","5","3","4","0.95",1,"12",27,"1",34,2,0.037037037037037,15,94,5
"202",95,0,"20",1,6,2,6,3,3,7,3,2,3,2,7,4,5,4,3,2,2,2,6,3,3,3,3,7,4,6,5,2,1,1,1,5,4,2,1,4,2,1,1,2,5,3,6,2,4,2,6,5,6,6,7,3,7,5,6,6,6,2,5,6,5,7,1,7,6,5,2,3,5,6,1,1,6,5,4,7,1,7,2,6,2,7,5,1,3,4,4,4,"6","6","5","6","6","6","6","4","3","5","5","4","4","5","4","4","5","2","2","2","0.95",1,"13",25,"2",29,2,0.04,15,95,4
"203",96,0,"20",5,4,2,6,2,1,4,3,4,4,5,5,1,3,7,5,5,5,2,5,2,3,3,4,4,1,4,6,4,3,5,4,4,5,4,4,2,3,3,4,4,3,5,6,7,5,4,2,4,4,3,2,1,4,4,5,4,4,4,4,4,4,4,5,4,4,4,4,4,3,5,5,4,6,4,3,5,3,4,4,4,5,3,4,3,2,3,4,4,"3","3","6","6","5","3","3","2","3","5","4","2","3","3","4","4","4","4","4","5","0.95",1,"12",23,"1",25,4,0.0434782608695652,13,96,4
"204",97,0,"20",5,7,5,5,7,5,5,7,7,7,5,1,6,1,6,5,6,7,3,6,4,4,3,2,5,1,5,6,2,2,2,4,4,5,6,5,1,2,2,2,2,2,2,6,3,5,3,6,2,5,5,2,1,6,5,5,6,7,1,1,6,1,6,1,6,5,5,2,6,5,7,5,2,6,5,5,6,1,5,3,6,6,7,2,5,3,4,3,4,"5","6","5","6","5","6","6","5","6","5","5","4","3","3","3","3","5","6","6","5","0.95",1,"15",24,"1",33,2,0.0416666666666667,14,97,4
"1020",98,1,"20",1,7,7,1,7,7,1,7,1,7,7,7,7,5,7,1,1,7,5,6,3,3,3,3,5,3,4,4,2,2,2,2,2,5,6,5,1,2,2,3,3,5,2,5,1,5,1,5,1,5,5,5,2,6,2,6,2,1,2,2,5,5,6,2,5,4,3,2,6,2,5,5,2,6,5,5,7,2,6,2,6,6,6,3,5,NA,NA,NA,NA,NA,NA,NA,NA,NA,NA,NA,NA,NA,NA,NA,NA,NA,NA,NA,NA,NA,NA,NA,NA,NA,NA,NA,NA,"1",32,2,NA,NA,98,5
"211",99,0,"21",6,6,5,7,1,5,7,5,6,7,2,6,5,6,6,5,6,5,5,5,3,3,4,3,6,0,6,7,3,3,2,5,3,6,7,2,3,3,2,4,4,5,3,5,4,6,6,7,2,6,7,7,2,3,2,6,7,5,2,2,7,3,6,2,7,6,6,2,6,4,6,6,1,6,7,7,5,3,6,2,7,7,6,3,6,3,4,3,4,"6","6","7","7","7","6","6","5","5","6","4","5","5","3","5","5","5","5","7","6","0.99",1,"8",24,"1",28,2,0.0416666666666667,14,99,2
"212",100,0,"21",3,4,3,3,6,4,4,6,6,5,7,6,6,6,6,6,6,6,5,6,4,4,5,4,5,1,6,4,4,4,4,4,4,4,4,4,4,1,1,1,1,4,4,4,3,4,4,4,4,4,4,4,4,4,4,4,4,5,4,4,4,4,4,3,3,4,4,4,4,4,5,4,4,4,6,5,5,4,5,4,6,5,6,3,5,3,4,4,4,"6","6","6","6","6","6","6","4","4","4","4","3","2","4","4","4","6","5","5","5","0.99",1,"6",22,"1",27,2,0.0454545454545455,15,100,2
"213",101,0,"21",5,7,6,5,7,6,6,7,7,7,7,5,7,7,7,7,6,4,7,7,1,3,2,4,3,3,5,1,3,3,2,4,7,7,7,7,3,4,4,4,1,3,3,4,5,7,7,7,7,7,6,6,5,4,3,4,5,5,6,5,5,6,5,7,6,4,6,5,5,6,6,6,2,5,5,7,4,5,7,7,7,7,6,6,6,5,4,5,1,"7","7","6","6","6","7","7","7","6","6","6","3","4","4","1","2","6","6","6","6","0.99",1,"3",24,"1",29,2,0.0416666666666667,15,101,2
"214",102,0,"21",4,6,4,5,6,3,2,4,4,4,6,7,4,3,4,6,3,4,3,6,4,3,4,3,6,0,6,5,4,4,4,4,2,4,5,3,5,1,1,4,1,5,3,6,4,6,4,7,2,6,7,7,4,7,5,4,7,7,2,5,6,5,5,5,6,6,6,5,7,5,7,5,2,7,7,5,6,5,5,2,6,7,7,2,7,3,4,4,4,"6","6","6","7","7","6","6","4","5","6","6","3","4","3","4","5","5","4","3","3","0.99",1,"8",23,"1",22,2,0.0434782608695652,15,102,1
"215",103,0,"21",6,6,2,4,3,3,5,6,4,6,3,6,5,2,6,4,2,6,6,6,3,3,3,4,6,0,7,7,2,2,1,1,6,6,7,6,2,1,1,4,3,5,2,6,2,6,3,6,2,6,5,6,1,6,3,6,6,6,2,2,6,4,6,2,6,6,5,4,6,5,6,5,2,6,6,5,7,2,6,5,6,7,6,1,7,4,4,3,4,"6","6","6","5","5","6","6","4","4","3","6","4","4","4","5","4","5","4","3","3","0.99",1,"9",22,"1",29,2,0.0454545454545455,15,103,3
"1021",104,1,"21",6,5,3,5,5,3,6,6,6,5,5,6,6,2,6,5,6,7,3,7,3,3,3,4,5,4,5,5,2,2,2,5,2,5,6,4,3,3,4,3,4,2,2,6,2,6,6,6,2,6,6,5,2,5,5,5,6,5,2,5,6,1,6,2,6,6,6,2,6,2,6,2,2,6,6,6,2,5,6,2,5,3,6,2,2,NA,NA,NA,NA,NA,NA,NA,NA,NA,NA,NA,NA,NA,NA,NA,NA,NA,NA,NA,NA,NA,NA,NA,NA,NA,NA,NA,NA,"1",42,2,NA,NA,104,3
"221",105,0,"22",7,7,1,7,7,7,1,7,7,7,7,7,7,1,7,1,7,7,1,7,4,4,3,3,6,1,5,5,1,1,1,5,5,5,6,2,2,2,2,1,1,2,2,6,2,5,2,6,5,7,7,6,1,6,2,7,6,6,2,2,7,1,7,1,7,5,5,1,6,4,7,6,1,7,7,7,7,5,7,1,7,5,7,1,7,3,3,4,4,"6","7","7","5","6","7","7","6","6","6","6","4","4","3","4","3","6","6","6","5","0.8",9,"8",8,"2",31,2,1.125,14,105,1
"222",106,0,"22",6,6,5,2,3,2,5,6,5,6,2,6,2,2,5,2,2,6,5,6,3,3,4,4,7,0,7,6,2,2,2,2,5,6,6,5,2,2,1,5,4,6,2,6,1,6,2,6,3,6,6,7,1,6,3,6,7,6,2,1,6,4,6,2,6,7,5,4,6,5,7,2,2,6,7,6,7,3,6,2,6,7,6,1,6,4,3,4,3,"6","6","6","6","6","6","6","2","2","3","6","4","4","4","3","2","5","5","5","5","0.8",9,"7",7,"1",31,2,1.28571428571429,14,106,1
"223",107,0,"22",4,3,5,5,6,4,3,2,3,3,3,4,7,5,5,6,4,5,6,2,3,2,1,5,3,4,4,5,3,3,1,3,1,3,3,3,4,2,2,4,3,4,3,4,2,6,2,2,2,2,3,7,6,6,5,4,2,2,1,3,3,1,3,2,1,6,5,5,6,3,2,2,3,4,2,3,2,1,3,2,2,2,4,6,2,4,4,4,3,"4","5","3","2","3","2","7","5","4","3","1","3","1","4","2","3","3","2","6","5","0.8",9,"5",9,"2",30,2,1,15,107,4
"224",108,0,"22",6,7,2,2,2,2,6,4,5,6,2,2,1,4,2,2,2,3,2,4,3,3,3,2,6,4,2,3,4,2,2,1,5,5,5,3,3,1,1,1,1,6,5,3,1,6,2,6,6,6,6,6,5,6,5,6,6,3,5,5,6,3,7,2,6,7,5,5,6,5,6,5,2,6,5,3,6,5,5,3,6,6,6,3,5,2,3,4,3,"6","6","4","4","6","6","6","6","5","6","6","3","2","2","3","3","5","4","6","5","0.8",9,"6",7,"2",26,2,1.28571428571429,12,108,2
"225",109,0,"22",5,6,3,3,6,6,2,6,5,5,3,5,2,3,6,3,2,3,3,6,3,3,3,3,5,3,5,5,3,3,3,3,5,3,3,3,4,3,3,3,4,3,3,5,3,5,5,5,5,5,5,5,3,6,3,6,6,6,5,3,6,6,6,5,6,6,5,3,5,5,5,4,3,5,5,5,5,3,5,3,3,5,5,3,5,2,2,3,4,"6","6","5","5","6","5","6","5","3","3","3","4","4","4","4","4","5","2","3","3","0.8",9,"9",10,"1",21,2,0.9,11,109,2
"1022",110,1,"22",2,6,6,2,6,6,5,6,2,6,6,2,6,3,6,2,6,6,6,6,3,4,3,3,6,1,5,5,1,1,1,5,5,5,5,1,1,1,1,1,1,5,4,7,3,5,3,5,2,6,5,5,1,6,2,5,6,4,2,2,4,2,6,2,5,1,4,3,5,5,6,5,2,6,6,5,6,2,5,2,5,5,6,3,4,NA,NA,NA,NA,NA,NA,NA,NA,NA,NA,NA,NA,NA,NA,NA,NA,NA,NA,NA,NA,NA,NA,NA,NA,NA,NA,NA,NA,"1",36,2,NA,NA,110,4
"231",111,0,"23",6,7,3,5,7,3,5,6,6,7,5,5,6,2,6,2,6,2,2,6,3,3,3,3,6,4,6,6,1,1,1,5,5,5,6,1,1,1,1,2,1,5,3,7,1,6,2,6,1,6,5,6,2,6,3,6,5,7,1,1,5,1,7,1,5,6,5,3,6,2,5,2,2,6,6,5,7,2,6,1,6,6,6,2,6,3,3,4,3,"5","6","6","6","6","6","6","6","6","6","6","3","4","4","3","3","6","2","6","6","0.9",6,"6",7,"1",38,2,0.857142857142857,13,111,3
"232",112,0,"23",3,1,1,1,1,1,1,1,1,1,1,1,1,1,1,1,1,1,1,1,1,1,1,1,1,5,1,1,1,1,1,1,1,1,1,1,1,1,1,1,1,1,1,1,1,1,1,1,1,1,1,1,1,1,1,1,1,1,1,1,1,1,1,1,1,1,1,1,1,1,1,1,7,1,1,1,1,1,1,1,1,1,1,1,1,1,1,1,1,"1","1","1","1","1","1","1","1","1","1","1","1","1","1","1","1","1","1","1","1","0.9",6,"6",6,"1",25,2,1,4,112,2
"233",113,0,"23",6,6,6,3,4,4,5,5,3,6,2,6,2,2,5,2,2,6,5,6,4,4,4,4,6,-1,6,7,2,2,2,2,5,6,5,6,2,2,1,4,4,6,2,6,1,7,2,6,5,7,6,7,1,6,2,6,7,6,2,1,7,5,6,2,6,7,6,4,6,5,7,3,3,6,6,6,6,3,6,2,6,7,6,2,7,4,3,4,4,"6","7","6","6","7","6","7","2","5","4","6","3","4","4","5","4","5","5","3","5","0.9",6,"6",8,"1",27,2,0.75,15,113,5
"234",114,0,"23",6,6,6,2,3,2,5,6,5,6,2,6,2,1,6,2,2,6,6,6,3,4,4,4,6,0,7,7,1,1,1,2,5,6,6,5,3,1,2,4,5,6,2,6,1,7,2,7,3,6,6,7,1,6,2,6,7,6,2,2,7,4,6,4,6,6,5,4,6,5,6,5,1,6,6,6,5,5,7,5,6,6,7,2,6,4,4,4,4,"6","6","6","7","6","7","6","3","4","3","7","4","4","4","4","5","5","6","2","5","0.9",6,"4",9,"2",26,2,0.666666666666667,16,114,5
"235",115,0,"23",5,6,5,3,5,4,5,5,3,6,3,5,2,2,5,4,2,6,5,6,3,4,3,3,6,0,6,7,2,2,2,2,5,5,5,5,3,2,1,4,3,6,2,6,2,6,2,6,4,5,6,6,1,7,2,6,6,6,2,1,6,1,6,1,6,6,4,4,6,5,7,4,3,5,6,5,6,3,6,2,6,7,6,2,6,4,4,4,4,"6","6","6","7","7","7","6","3","2","4","6","4","4","4","5","4","5","5","2","5","0.9",6,"6",8,"1",29,2,0.75,16,115,2
"1023",116,1,"23",1,7,6,1,7,6,1,7,1,4,7,1,4,1,1,1,1,7,7,7,3,3,3,2,5,3,5,5,2,1,1,4,4,5,5,5,1,1,1,1,1,1,3,6,1,6,7,6,2,6,2,4,1,6,5,6,6,6,1,6,6,2,6,2,6,5,5,1,7,1,7,1,3,6,6,6,6,1,6,1,6,5,7,3,5,NA,NA,NA,NA,NA,NA,NA,NA,NA,NA,NA,NA,NA,NA,NA,NA,NA,NA,NA,NA,NA,NA,NA,NA,NA,NA,NA,NA,"2",37,2,NA,NA,116,2
"241",117,0,"24",5,6,6,5,5,5,5,6,5,5,5,6,3,3,3,5,5,4,5,5,4,4,4,4,6,0,6,6,5,4,4,3,3,3,3,3,3,3,3,3,3,5,3,6,3,7,4,6,5,6,7,7,2,6,3,6,7,6,2,3,6,4,6,4,5,6,4,4,6,6,6,3,2,7,6,6,6,2,6,2,7,6,6,2,4,4,5,4,3,"6","6","6","6","6","6","6","6","4","3","6","4","4","4","4","4","6","3","3","3","0.95",3,"12",15,"1",27,2,0.2,16,117,2
"242",118,0,"24",6,7,7,7,7,2,6,6,5,5,6,2,6,2,6,2,6,6,1,7,3,3,3,3,5,1,5,4,1,2,2,5,5,6,6,5,1,1,3,2,2,6,2,7,3,5,2,6,1,5,5,6,2,7,1,5,5,7,1,2,5,2,6,1,7,5,5,2,5,6,7,5,1,7,5,6,7,3,6,2,6,7,6,2,6,4,5,5,4,"5","6","6","6","5","5","6","5","6","5","5","4","3","3","4","3","5","3","5","5","0.95",3,"12",13,"1",29,2,0.230769230769231,18,118,1
"243",119,0,"24",2,6,2,5,3,2,5,6,6,5,2,5,5,5,5,5,5,3,2,6,3,3,3,3,6,4,6,6,5,6,2,2,5,2,5,2,1,1,1,1,1,2,2,6,1,6,6,6,2,6,6,6,2,7,2,6,6,6,2,2,7,5,6,2,6,6,7,4,6,2,6,2,2,7,7,5,7,2,6,2,6,6,6,2,6,5,3,3,4,"5","5","5","6","6","6","6","5","5","6","5","4","4","4","4","4","5","5","6","2","0.95",3,"11",12,"1",33,2,0.25,15,119,3
"244",120,0,"24",5,5,5,2,4,2,5,5,3,6,4,4,4,5,5,5,4,5,5,2,2,3,4,4,3,1,4,6,3,4,5,4,5,4,4,5,3,5,4,5,4,5,5,5,5,6,5,5,5,4,5,6,5,4,5,4,5,5,5,6,5,5,5,5,5,4,5,4,3,5,5,5,3,5,5,5,5,5,6,5,6,4,5,4,3,2,3,3,2,"6","5","3","4","4","5","5","4","5","5","6","3","3","3","3","4","4","5","5","5","0.95",3,"11",10,"1",25,2,0.3,10,120,4
"245",121,0,"24",5,6,6,5,4,2,5,5,3,6,3,6,5,5,6,5,3,6,6,6,3,4,4,3,6,-1,7,7,2,2,1,1,5,5,5,6,2,1,1,5,5,7,3,5,1,6,5,6,3,6,6,7,1,6,5,6,7,6,2,5,6,5,6,3,5,6,5,4,6,5,7,5,2,6,6,6,7,3,6,7,6,7,7,1,7,4,4,3,5,"6","6","5","6","5","6","6","5","3","3","6","4","5","4","5","5","5","5","2","2","0.95",3,"9",12,"1",29,2,0.25,16,121,1
"1024",122,1,"24",2,6,3,5,6,3,5,6,5,5,6,5,5,5,5,5,6,5,4,6,3,3,4,3,6,1,6,6,2,3,3,4,5,6,6,4,2,3,2,4,4,5,2,6,2,5,2,6,2,6,5,6,2,6,2,6,5,5,2,2,6,2,5,2,6,2,2,2,2,6,6,5,2,5,6,5,5,5,6,2,5,5,6,2,4,NA,NA,NA,NA,NA,NA,NA,NA,NA,NA,NA,NA,NA,NA,NA,NA,NA,NA,NA,NA,NA,NA,NA,NA,NA,NA,NA,NA,"2",34,2,NA,NA,122,1
"251",123,0,"25",2,5,4,4,3,2,7,5,5,3,3,5,3,5,5,4,3,3,3,5,3,3,4,3,5,1,5,5,3,3,5,5,5,5,5,6,3,4,4,4,3,5,3,5,3,5,2,6,2,6,6,6,1,6,2,6,6,6,2,2,6,6,4,1,5,7,7,2,6,5,6,6,2,6,6,6,7,3,5,2,5,6,6,3,6,4,3,4,4,"5","7","6","6","6","6","6","5","4","3","3","3","4","3","4","4","5","5","5","5","0.99",2,"9",8,"1",32,2,0.25,15,123,1
"252",124,0,"25",5,5,5,5,4,4,3,2,5,5,5,6,3,3,3,1,5,7,4,7,3,3,3,3,1,5,1,1,4,1,1,1,4,2,3,1,2,1,1,1,1,3,3,6,3,6,6,6,3,5,6,6,3,6,5,6,5,2,3,6,6,6,3,3,5,6,4,4,7,6,6,6,2,6,5,6,3,4,6,4,5,2,5,6,7,1,1,2,1,"6","5","5","7","6","6","6","6","7","4","5","1","1","2","1","1","7","7","7","7","0.99",2,"6",10,"1",26,2,0.2,5,124,4
"253",125,0,"25",1,2,1,1,1,1,1,1,2,4,5,5,2,2,5,2,2,2,2,1,2,2,2,2,2,3,4,3,2,2,3,3,3,4,4,3,2,3,3,3,3,2,3,3,2,4,4,4,5,5,5,5,4,4,4,5,4,4,3,4,4,3,3,3,5,5,5,3,2,3,4,4,4,5,3,2,2,5,5,4,4,3,2,3,4,1,3,2,3,"3","4","4","4","3","3","2","3","4","4","5","3","3","3","2","3","3","3","3","4","0.99",2,"7",9,"2",30,2,0.222222222222222,9,125,2
"254",126,0,"25",1,2,2,5,2,3,7,7,5,6,3,7,2,6,2,2,2,6,2,3,2,2,2,2,2,0,3,1,2,2,2,2,2,2,2,2,1,1,1,1,1,6,2,5,2,2,4,3,1,3,2,2,1,5,2,2,3,2,2,5,2,3,2,2,2,2,2,2,2,3,2,2,6,2,5,2,2,2,2,5,4,3,3,4,3,2,2,4,4,"2","2","5","5","4","5","4","2","2","2","5","2","2","2","2","2","6","6","6","6","0.99",2,"4",10,"1",25,2,0.2,12,126,1
"255",127,0,"25",6,7,6,5,6,7,5,7,6,3,6,5,2,3,6,5,3,5,4,5,3,3,2,2,4,1,5,5,2,2,1,2,5,5,4,3,2,2,1,1,1,5,3,6,3,4,5,7,3,5,5,6,1,6,6,6,6,7,4,5,6,6,7,2,2,5,6,4,5,6,6,3,1,6,7,7,7,1,6,3,6,6,6,3,4,4,4,4,4,"7","6","6","6","6","6","7","5","3","4","5","4","4","4","4","4","6","4","3","4","0.99",2,"5",10,"1",24,2,0.2,16,127,3
"1025",128,1,"25",2,7,7,1,7,7,1,7,1,7,7,1,7,7,5,1,1,7,7,7,4,3,3,3,5,2,5,5,2,2,2,2,5,5,7,2,1,1,1,1,1,1,1,7,1,7,7,7,1,7,7,7,1,7,1,7,7,7,1,1,7,1,7,1,7,7,1,1,1,1,7,1,1,1,7,7,7,1,7,1,7,5,7,1,5,NA,NA,NA,NA,NA,NA,NA,NA,NA,NA,NA,NA,NA,NA,NA,NA,NA,NA,NA,NA,NA,NA,NA,NA,NA,NA,NA,NA,"1",49,2,NA,NA,128,5
"261",129,0,"26",6,6,6,6,7,6,6,6,1,7,5,5,5,2,6,1,6,6,6,6,3,3,3,3,5,1,6,6,1,1,1,1,5,5,5,5,1,1,1,1,1,6,1,7,1,6,1,6,2,3,7,7,5,7,5,7,7,7,1,1,7,1,7,5,5,6,6,1,7,1,7,1,1,7,7,7,7,1,7,1,7,7,7,1,7,3,3,3,3,"6","7","7","6","6","6","6","6","6","6","6","3","3","4","4","3","6","6","7","5","0.92",4,"4",8,"1",27,2,0.5,12,129,5
"262",130,0,"26",6,7,6,6,6,6,5,5,6,5,2,2,2,4,7,6,6,2,6,6,3,3,4,4,2,1,5,2,4,2,2,4,2,2,2,2,1,1,1,1,1,5,1,6,2,7,6,7,2,2,6,6,1,7,1,2,6,7,2,5,6,2,6,2,6,5,5,5,6,2,5,3,2,5,6,7,6,2,6,2,2,6,7,1,5,3,2,4,1,"3","6","2","5","6","6","4","6","5","2","4","3","3","3","4","3","4","4","6","3","0.92",4,"3",7,"2",27,2,0.571428571428571,10,130,2
"263",131,0,"26",6,6,6,2,3,3,4,6,4,5,3,5,3,2,5,3,3,5,6,5,3,5,3,3,6,1,7,6,2,2,2,2,6,5,6,5,2,2,1,4,4,5,2,6,2,6,2,6,3,6,7,6,2,6,3,6,6,6,2,1,6,3,6,4,5,5,4,3,6,4,5,2,2,6,5,6,5,5,6,3,6,4,6,2,5,3,4,4,5,"5","6","6","6","6","6","7","4","2","1","6","3","5","4","5","4","4","5","2","5","0.92",4,"2",8,"1",25,3,0.5,16,131,3
"264",132,0,"26",5,7,3,5,7,5,5,6,5,2,6,3,5,3,3,2,2,3,4,3,3,4,3,3,6,0,6,6,5,2,2,2,2,2,5,2,4,1,1,1,1,6,5,5,5,6,2,7,5,6,6,6,1,6,5,7,7,7,2,6,6,2,7,2,3,6,2,2,6,4,6,2,2,6,2,3,6,3,3,6,5,5,7,2,6,3,4,4,4,"6","7","5","7","6","6","6","4","2","4","6","4","3","3","5","3","5","4","5","2","0.92",4,"4",5,"2",28,2,0.8,15,132,1
"265",133,0,"26",6,6,6,5,5,3,5,6,2,6,6,2,5,2,5,2,5,6,2,7,3,4,4,3,5,0,5,5,1,1,1,4,5,5,5,4,2,1,2,2,1,7,4,6,1,5,1,7,5,5,6,7,5,6,3,3,7,5,2,5,6,2,7,2,6,4,4,2,7,7,7,2,3,6,5,5,7,5,6,2,5,5,6,2,5,3,3,4,3,"5","5","5","6","5","6","6","6","6","6","5","3","3","3","4","3","6","6","6","6","0.92",4,"3",6,"2",28,2,0.666666666666667,13,133,5
"1026",134,1,"26",6,5,3,6,5,3,6,6,6,6,7,6,5,2,6,6,6,7,2,6,3,2,3,3,5,0,5,5,1,1,1,4,4,3,3,2,1,1,1,1,1,1,1,7,1,7,7,7,5,7,7,7,1,7,5,7,7,7,1,5,7,5,7,5,7,7,1,1,7,5,7,5,1,7,7,7,5,1,7,1,7,7,7,1,7,NA,NA,NA,NA,NA,NA,NA,NA,NA,NA,NA,NA,NA,NA,NA,NA,NA,NA,NA,NA,NA,NA,NA,NA,NA,NA,NA,NA,"1",36,2,NA,NA,134,5
"271",135,0,"27",5,6,4,6,5,4,4,5,5,5,5,4,4,4,4,4,2,4,5,5,3,3,3,3,4,2,4,4,4,4,4,4,4,4,4,4,4,4,4,4,4,3,4,4,4,4,3,4,4,4,4,4,4,4,4,4,4,4,4,4,4,4,4,4,4,4,4,4,4,5,4,4,4,4,4,4,4,4,4,4,4,4,4,4,4,4,4,3,3,"4","4","4","4","4","4","4","4","4","4","4","3","3","3","3","3","4","4","4","4","0.92",1,"6",18,"1",34,2,0.0555555555555556,14,135,2
"272",136,0,"27",4,1,1,6,2,1,6,2,6,6,2,6,6,5,7,5,6,2,4,1,1,2,2,3,3,2,3,6,2,3,5,7,5,6,4,2,1,4,2,2,5,1,3,5,3,6,7,4,1,3,5,6,3,2,1,5,6,3,1,2,3,4,2,2,3,6,6,7,6,7,3,5,2,5,6,7,4,6,7,3,7,3,5,7,6,1,1,2,2,"3","4","4","4","5","4","5","5","5","2","2","2","4","1","4","3","2","2","2","3","0.92",1,"8",20,"1",26,2,0.05,6,136,4
"273",137,0,"27",6,6,6,6,6,2,2,6,6,7,6,1,6,2,6,2,5,6,2,6,3,4,3,3,5,0,5,5,1,1,1,4,5,5,6,3,1,1,1,1,1,6,4,5,1,6,2,6,1,6,6,6,1,7,3,6,7,6,2,2,6,2,7,1,7,6,5,2,6,6,7,2,2,6,2,6,7,2,7,6,7,5,6,2,5,3,3,4,3,"6","5","6","6","6","5","5","6","6","6","5","4","3","3","3","4","5","5","5","5","0.92",1,"7",19,"1",28,2,0.0526315789473684,13,137,2
"274",138,0,"27",6,7,5,6,5,6,6,6,2,5,6,5,6,1,5,2,6,6,2,6,3,3,3,3,5,1,6,6,1,1,1,3,5,4,6,5,2,2,1,1,3,5,1,5,1,6,2,6,5,6,5,6,2,6,5,6,6,7,1,5,6,1,6,1,5,5,4,4,5,5,7,5,3,6,6,5,6,2,6,6,6,4,5,2,4,3,3,3,3,"5","5","6","6","6","5","5","6","6","6","5","3","3","4","4","3","6","6","6","5","0.92",1,"8",16,"1",27,2,0.0625,12,138,1
"275",139,0,"27",6,7,5,3,7,2,3,6,5,2,3,7,6,7,5,1,5,3,2,3,2,5,4,5,4,0,5,5,2,5,5,5,5,4,3,5,2,3,3,4,3,2,1,4,4,7,3,4,6,5,5,3,2,6,6,7,3,3,5,5,7,5,5,7,6,6,5,2,5,3,5,5,3,5,5,3,3,3,1,3,6,5,6,6,2,1,2,3,3,"5","6","2","3","5","6","4","2","3","4","2","2","3","3","3","3","5","4","3","4","0.92",1,"8",17,"1",26,2,0.0588235294117647,9,139,3
"1027",140,1,"27",5,6,5,5,6,5,5,6,5,6,6,6,6,4,6,6,6,7,6,7,3,3,3,3,5,0,6,5,1,1,1,5,3,5,6,3,1,1,2,3,3,5,1,7,1,5,1,6,1,6,6,3,2,6,4,5,5,6,2,4,5,4,6,4,6,6,2,2,2,2,6,5,3,6,5,6,5,5,6,2,5,5,7,1,3,NA,NA,NA,NA,NA,NA,NA,NA,NA,NA,NA,NA,NA,NA,NA,NA,NA,NA,NA,NA,NA,NA,NA,NA,NA,NA,NA,NA,"1",32,2,NA,NA,140,4
"281",141,0,"28",3,5,5,5,3,5,6,5,5,6,6,6,2,2,6,6,6,6,2,5,3,4,4,3,5,0,6,6,6,6,6,6,6,6,6,6,2,4,4,5,5,6,6,6,6,6,5,6,6,6,6,6,6,6,7,6,6,6,6,6,5,3,3,3,7,4,4,4,5,6,6,6,2,6,6,6,6,6,6,6,6,6,7,6,6,3,3,4,3,"6","5","6","6","5","5","5","5","6","6","6","3","3","4","3","4","7","6","5","2","0.99",1,"12",14,"1",34,2,0.0714285714285714,13,141,4
"282",142,0,"28",5,7,6,3,4,4,6,6,7,1,7,4,5,3,3,4,5,5,6,4,3,3,3,2,6,4,6,5,2,2,2,5,5,5,6,5,1,1,1,1,1,5,2,6,2,6,2,6,6,6,6,6,2,6,5,6,5,6,2,2,6,2,6,5,6,5,4,4,2,2,5,5,2,6,6,6,6,2,6,2,6,6,6,2,5,3,3,2,4,"5","5","5","5","5","5","5","4","4","5","5","3","3","3","3","3","3","4","4","4","0.99",1,"12",13,"1",29,2,0.0769230769230769,12,142,4
"283",143,0,"28",4,4,4,4,4,4,4,4,4,4,4,4,4,4,4,4,4,4,4,4,3,3,3,1,3,2,3,4,3,3,4,6,6,5,7,5,3,2,3,4,4,5,4,3,1,4,4,4,3,3,3,3,3,4,4,4,4,4,5,5,3,4,4,4,4,3,2,4,3,2,6,5,4,3,4,4,3,5,5,3,3,3,4,2,5,3,3,3,3,"4","4","4","4","4","4","4","4","4","4","4","4","4","4","3","3","4","4","2","1","0.99",1,"11",15,"1",30,2,0.0666666666666667,12,143,2
"284",144,0,"28",3,6,1,2,3,3,3,4,1,4,4,4,4,4,2,4,4,4,2,5,3,3,3,3,4,1,5,4,4,2,2,4,3,2,3,1,1,1,1,1,1,2,1,6,2,5,6,6,2,5,5,4,1,6,6,7,4,7,2,6,5,7,6,3,4,5,5,6,4,6,5,6,2,6,5,3,3,4,3,3,5,6,6,3,6,1,1,2,2,"5","7","6","4","6","6","7","5","4","1","6","3","2","2","3","3","5","6","6","6","0.99",1,"10",16,"2",26,2,0.0625,6,144,2
"285",145,0,"28",1,7,7,1,7,7,1,7,7,7,7,1,7,1,7,1,7,7,7,7,4,4,3,3,6,1,6,6,1,1,1,6,6,6,7,2,1,1,1,1,1,5,2,7,1,5,1,6,2,6,5,5,2,7,1,5,5,7,1,1,6,1,7,2,6,6,5,3,5,5,5,1,2,7,7,7,7,5,5,1,5,6,6,1,5,4,5,5,4,"6","6","7","6","6","6","7","6","6","5","6","4","4","3","4","4","6","6","6","5","0.99",1,"8",13,"1",31,2,0.0769230769230769,18,145,3
"1028",146,1,"28",6,5,5,6,6,6,6,5,6,5,6,6,5,2,6,5,5,6,2,6,3,4,4,4,5,4,6,6,3,3,2,4,5,5,5,2,2,3,1,3,1,1,1,6,1,5,6,6,2,5,1,1,1,7,6,7,5,7,1,1,6,6,7,2,6,5,6,1,5,1,5,5,2,6,5,6,2,3,6,2,6,3,6,2,2,NA,NA,NA,NA,NA,NA,NA,NA,NA,NA,NA,NA,NA,NA,NA,NA,NA,NA,NA,NA,NA,NA,NA,NA,NA,NA,NA,NA,"1",47,2,NA,NA,146,2
"291",147,0,"29",6,4,1,6,2,3,3,6,2,4,3,4,5,5,4,4,4,3,2,5,3,3,4,4,5,1,6,5,3,2,2,4,3,3,3,1,1,1,1,1,2,5,3,5,2,6,3,6,3,5,6,6,1,7,5,7,6,6,2,2,5,2,2,3,5,5,6,5,4,6,6,3,2,6,6,3,5,3,2,3,6,6,6,2,6,1,2,4,2,"5","6","4","6","6","6","6","3","3","2","5","3","3","4","4","3","3","3","4","4","0.95",0,"8",8,"2",27,2,0,9,147,5
"292",148,0,"29",2,6,6,2,6,6,2,6,2,2,6,2,6,2,6,2,6,6,2,6,4,4,3,3,5,1,6,6,2,2,2,6,5,5,5,3,2,3,2,3,3,1,2,6,2,5,5,6,3,6,5,3,1,6,4,5,5,5,2,2,6,6,6,3,6,4,5,2,5,6,6,5,2,6,5,5,5,5,6,2,6,5,5,5,6,4,3,4,4,"6","6","5","6","5","5","6","5","5","6","6","3","4","4","4","3","6","6","5","5","0.95",0,"6",7,"1",28,2,0,15,148,5
"293",149,0,"29",6,7,4,2,2,2,6,7,2,6,1,6,1,2,5,2,6,6,2,6,4,4,4,5,6,4,4,5,2,1,1,3,6,6,7,2,2,1,1,1,1,5,1,6,1,6,6,7,5,6,7,4,1,6,6,6,7,7,4,5,7,5,7,6,7,7,6,3,7,6,6,6,2,7,6,4,2,6,5,6,7,6,7,3,6,3,2,4,4,"6","6","5","7","6","6","5","6","6","2","6","4","4","4","3","5","6","2","2","2","0.95",0,"9",10,"1",26,2,0,13,149,5
"294",150,0,"29",5,4,3,5,3,4,3,3,3,4,1,5,5,6,7,7,4,2,1,4,4,5,4,4,6,-1,7,7,4,1,3,4,6,6,6,5,1,2,2,3,1,6,5,6,3,6,3,4,5,5,6,7,4,7,5,7,7,3,4,3,7,1,2,3,7,7,7,7,6,5,4,1,4,7,6,4,7,5,6,1,7,4,5,1,4,5,4,4,5,"6","7","7","7","6","7","7","2","2","1","2","4","4","5","5","4","5","6","7","6","0.95",0,"8",9,"2",32,2,0,18,150,1
"295",151,0,"29",3,4,5,4,5,4,5,5,3,5,5,4,3,5,6,4,5,1,4,4,2,1,1,3,3,2,4,5,3,7,6,5,5,4,4,5,1,1,4,5,5,2,5,6,6,4,4,5,5,6,5,5,5,6,6,6,5,4,3,3,3,4,5,5,4,3,3,4,4,2,2,4,5,3,4,5,6,5,6,3,3,3,4,4,4,2,4,3,4,"4","5","5","4","5","5","5","3","3","4","4","1","4","3","3","3","2","4","5","5","0.95",0,"10",7,"1",31,2,0,13,151,1
"1029",152,1,"29",3,7,6,4,6,6,2,6,3,6,6,5,5,2,6,5,5,7,5,7,4,3,3,3,5,1,5,5,3,2,2,3,5,5,6,2,3,3,4,3,3,6,2,6,2,6,2,6,5,6,6,6,2,6,2,6,6,6,2,2,6,2,6,2,6,6,2,1,6,6,6,6,2,6,6,6,6,2,6,2,6,6,6,2,5,NA,NA,NA,NA,NA,NA,NA,NA,NA,NA,NA,NA,NA,NA,NA,NA,NA,NA,NA,NA,NA,NA,NA,NA,NA,NA,NA,NA,"2",34,2,NA,NA,152,2
"301",153,0,"30",7,7,7,7,7,7,7,7,7,7,7,7,7,6,6,6,6,6,6,6,5,3,4,4,5,1,7,6,6,5,7,5,7,5,6,6,5,6,5,6,5,4,7,5,7,5,6,3,3,5,4,7,7,7,7,7,7,7,7,7,7,6,5,4,6,6,4,5,4,5,6,5,2,6,4,3,6,6,7,7,7,5,5,7,5,1,3,4,4,"4","4","4","3","3","6","4","5","6","5","5","4","3","5","5","4","7","7","5","5","0.9",3,"16",8,"1",25,2,0.375,12,153,4
"302",154,0,"30",3,4,3,4,3,6,6,6,6,5,6,3,4,4,5,7,5,7,1,4,2,3,3,5,5,1,5,5,3,5,4,4,4,5,4,4,2,4,5,4,3,3,6,5,5,2,4,4,7,6,5,5,3,4,7,7,7,7,6,6,4,5,2,4,4,3,3,3,3,7,7,5,4,4,4,3,5,5,5,3,6,5,4,3,2,4,4,2,3,"3","3","4","7","6","6","6","2","6","7","2","2","3","4","4","4","1","4","5","6","0.9",3,"12",9,"2",27,2,0.333333333333333,13,154,4
"303",155,0,"30",6,2,2,3,2,2,6,2,2,2,2,2,2,6,2,1,6,2,2,2,2,3,3,3,4,2,2,4,4,4,4,4,4,4,4,4,4,4,4,4,4,4,4,4,4,4,4,4,4,4,4,4,4,4,4,4,5,3,2,4,3,4,4,4,5,5,4,4,4,3,4,4,4,6,6,5,3,1,2,3,7,2,6,1,3,3,2,3,1,"6","2","6","2","6","6","6","5","6","6","6","3","3","3","3","3","4","4","4","4","0.9",3,"8",10,"1",22,2,0.3,9,155,2
"304",156,0,"30",4,3,3,2,5,4,4,4,4,4,4,4,4,4,4,4,4,4,4,4,3,3,3,4,6,-1,7,7,4,4,4,4,4,4,4,4,4,4,5,3,4,4,4,4,4,4,4,4,4,4,4,4,6,6,6,6,5,4,4,5,5,4,4,4,4,4,3,3,4,4,4,4,3,5,5,5,4,5,5,5,4,4,3,2,3,3,3,3,3,"4","4","4","4","4","4","4","4","4","4","4","3","3","3","3","3","4","4","4","5","0.9",3,"10",10,"2",28,2,0.3,12,156,1
"305",157,0,"30",1,7,3,1,7,7,1,1,1,4,1,7,1,4,1,1,1,7,1,7,4,4,4,4,4,2,4,4,1,1,1,1,7,1,7,1,1,1,1,1,1,1,1,7,1,6,7,7,1,2,7,7,1,7,6,6,6,7,6,6,6,7,6,2,7,6,2,6,6,2,6,2,2,6,6,6,6,2,6,2,6,2,6,5,2,4,4,4,4,"4","4","4","5","4","4","4","4","4","5","4","4","5","4","4","4","4","4","4","4","0.9",3,"11",11,"1",27,2,0.272727272727273,16,157,2
"1030",158,1,"30",6,5,5,5,6,5,5,6,5,5,6,5,6,3,6,5,6,6,3,6,3,3,3,3,5,1,6,5,1,1,2,4,5,5,6,5,2,2,1,2,2,6,4,6,2,4,2,5,2,5,2,5,3,6,5,3,4,4,2,2,6,2,6,4,6,4,3,2,5,5,4,5,3,6,5,6,7,2,5,2,5,3,5,1,3,NA,NA,NA,NA,NA,NA,NA,NA,NA,NA,NA,NA,NA,NA,NA,NA,NA,NA,NA,NA,NA,NA,NA,NA,NA,NA,NA,NA,"1",35,2,NA,NA,158,2
"311",159,0,"31",2,6,5,5,7,5,2,6,2,6,6,2,2,2,6,2,2,6,6,6,3,4,3,4,5,0,6,5,2,1,1,5,5,6,6,4,1,1,1,1,1,6,2,6,1,6,1,6,1,6,2,5,2,6,2,6,6,6,2,2,6,2,6,2,6,5,5,2,5,5,7,5,1,6,6,6,6,5,6,2,5,6,5,2,5,3,3,4,3,"6","6","6","6","5","6","6","6","5","6","5","4","4","3","4","3","5","5","5","6","0.8",8,"5",7,"2",30,2,1.14285714285714,13,159,4
"312",160,0,"31",1,2,3,5,5,6,5,5,7,5,6,7,6,2,7,6,4,2,1,3,1,1,1,1,1,5,3,5,3,3,6,6,4,1,6,4,4,2,1,4,5,2,4,5,5,3,2,5,6,7,6,3,5,7,6,4,5,6,5,3,2,3,5,6,7,5,4,4,5,6,6,5,7,4,6,7,6,4,5,6,7,7,6,4,5,1,3,4,4,"2","4","6","7","4","5","3","1","3","5","5","2","4","1","4","4","2","4","2","1","0.8",8,"4",5,"2",25,2,1.6,12,160,1
"313",161,0,"31",6,7,5,5,7,5,2,7,5,5,6,1,6,2,6,1,7,6,2,6,3,3,3,3,5,1,5,5,1,1,1,1,7,7,7,1,1,1,1,1,2,6,2,6,2,6,2,6,1,7,6,5,1,7,1,7,7,6,1,2,7,1,7,1,7,7,2,1,6,7,7,1,2,6,6,6,6,1,6,1,7,7,7,1,7,4,3,4,4,"6","6","6","6","6","6","6","6","6","6","6","3","3","3","4","4","5","2","6","6","0.8",8,"6",6,"1",37,2,1.33333333333333,15,161,1
"314",162,0,"31",5,7,6,5,7,5,5,6,5,7,7,5,7,1,5,1,5,7,1,5,3,4,3,3,5,1,6,5,1,1,1,4,5,5,5,2,1,2,3,3,2,1,1,6,1,6,1,6,1,5,5,5,2,6,2,6,5,6,2,3,6,2,6,2,5,4,3,2,5,5,7,5,2,6,5,6,5,5,6,3,6,5,7,1,4,3,4,4,3,"6","5","7","6","6","7","7","5","6","6","6","3","3","4","3","3","5","5","6","6","0.8",8,"4",7,"1",29,2,1.14285714285714,14,162,4
"315",163,0,"31",1,1,1,1,1,1,1,1,1,1,1,1,1,1,1,1,1,1,1,1,1,1,1,1,1,5,1,5,3,4,5,4,3,5,3,2,2,3,2,2,2,4,3,2,1,1,4,3,3,4,3,3,3,4,3,2,1,1,5,5,3,2,1,1,7,6,5,4,2,1,6,5,5,2,1,4,5,5,4,3,3,2,6,6,5,1,1,1,1,"1","1","1","1","1","1","1","1","1","1","1","1","1","1","1","1","1","1","1","2","0.8",8,"5",6,"1",23,2,1.33333333333333,4,163,1
"316",164,0,"31",4,7,3,2,6,3,1,6,2,7,2,4,1,2,3,2,7,5,3,7,3,4,4,4,6,5,7,5,1,1,1,1,5,5,3,1,2,1,1,1,1,7,2,6,1,7,1,7,1,7,7,7,1,7,5,6,6,6,1,1,7,1,7,2,7,7,7,2,4,5,6,5,3,6,6,6,7,2,6,2,6,6,7,1,6,3,4,4,4,"7","6","7","7","7","7","7","1","3","1","3","4","5","5","5","5","5","3","2","1","0.8",8,"3",5,"2",24,2,1.6,15,164,4
"1031",165,1,"31",5,7,5,3,6,6,2,6,3,4,6,2,6,5,4,2,3,6,6,6,3,3,3,2,5,4,5,4,3,2,2,3,3,3,6,2,3,2,2,1,2,1,1,7,1,7,5,5,2,7,7,6,1,7,2,7,7,7,1,1,6,5,7,1,6,6,1,1,6,1,7,6,1,7,7,1,6,1,7,1,7,7,6,1,6,NA,NA,NA,NA,NA,NA,NA,NA,NA,NA,NA,NA,NA,NA,NA,NA,NA,NA,NA,NA,NA,NA,NA,NA,NA,NA,NA,NA,"1",39,2,NA,NA,165,5
"321",166,0,"32",5,7,4,2,5,2,1,6,2,5,6,5,2,4,4,2,6,5,6,6,3,3,3,3,6,0,6,6,4,2,2,2,1,1,1,1,3,1,2,1,1,3,1,6,2,6,5,7,4,6,6,6,2,6,4,6,6,7,1,1,7,4,6,2,7,7,7,2,6,5,7,4,1,7,7,7,6,2,6,1,7,6,7,2,6,3,3,4,4,"6","6","6","6","6","7","7","6","3","3","6","3","2","4","4","3","6","6","5","5","0.88",4,"10",6,"1",27,2,0.666666666666667,14,166,2
"322",167,0,"32",6,6,2,2,6,2,6,6,6,5,6,2,6,3,7,2,6,6,5,6,3,3,3,3,5,1,5,5,1,1,1,1,1,1,6,5,1,1,1,1,1,2,2,6,1,6,2,6,1,5,2,5,2,6,1,5,6,2,2,2,5,5,6,1,5,5,3,2,2,5,5,5,2,6,6,2,5,2,5,1,5,6,5,2,6,3,3,3,3,"6","6","5","5","5","6","6","5","6","5","5","3","3","4","3","3","5","5","5","6","0.88",4,"4",7,"1",26,2,0.571428571428571,12,167,3
"323",168,0,"32",4,1,4,7,4,4,2,4,4,1,3,5,2,2,6,1,4,7,7,4,3,3,3,3,5,2,4,4,5,4,4,4,4,3,4,4,5,5,5,5,5,5,4,4,4,4,4,4,4,4,4,4,4,4,4,4,4,4,4,4,4,4,4,4,4,4,4,5,4,4,4,4,4,4,5,4,4,4,4,4,4,4,4,4,4,5,4,5,5,"4","5","3","6","4","6","6","7","7","1","4","3","3","3","3","3","4","4","4","4","0.88",4,"6",6,"2",25,2,0.666666666666667,19,168,4
"324",169,0,"32",3,7,4,4,6,4,4,5,5,2,5,4,4,5,4,4,2,4,6,4,3,3,3,4,5,2,4,4,4,4,4,4,4,4,4,4,3,4,4,5,5,4,4,4,4,4,4,4,4,4,4,4,4,4,4,4,4,4,4,4,4,4,4,4,4,4,4,4,4,4,5,4,4,5,4,4,4,4,4,4,4,4,4,4,3,4,4,2,2,"6","6","6","6","4","5","4","3","5","4","4","3","3","4","4","4","4","4","4","4","0.88",4,"5",8,"1",27,2,0.5,12,169,4
"325",170,0,"32",6,6,3,1,6,6,3,6,6,5,3,6,1,6,3,1,4,5,5,7,4,4,4,4,6,0,6,6,4,4,3,3,4,4,3,1,4,1,5,2,3,2,3,6,2,6,7,6,3,6,5,6,2,6,3,6,6,5,2,2,6,6,4,2,7,6,6,5,6,5,6,3,2,6,6,6,3,6,5,1,6,5,5,2,5,4,4,4,4,"5","5","5","5","5","6","6","4","5","5","5","3","3","3","3","3","6","6","6","6","0.88",4,"7",5,"2",27,3,0.8,16,170,5
"326",171,0,"32",2,6,6,2,6,6,2,6,2,6,6,2,6,6,6,2,2,6,2,6,3,3,3,3,5,1,5,5,1,2,1,5,3,3,5,4,1,1,1,1,1,3,1,6,1,5,5,5,2,5,6,6,5,7,5,7,7,7,1,2,6,5,7,2,5,5,5,3,5,5,7,5,2,6,6,6,6,5,6,3,5,6,6,3,6,4,4,4,4,"5","5","5","5","5","5","5","5","5","5","5","3","3","3","3","3","5","5","5","5","0.88",4,"5",6,"2",25,2,0.666666666666667,16,171,1
"1032",172,1,"32",6,6,5,5,6,5,5,6,5,6,6,5,6,2,6,5,6,6,5,6,3,3,4,4,5,0,5,5,3,3,2,5,5,6,6,4,3,2,3,4,3,5,4,6,1,6,3,6,3,6,5,6,4,6,3,5,5,5,2,2,5,2,6,2,6,5,4,3,6,6,7,5,2,5,6,5,6,5,5,2,5,4,6,2,2,NA,NA,NA,NA,NA,NA,NA,NA,NA,NA,NA,NA,NA,NA,NA,NA,NA,NA,NA,NA,NA,NA,NA,NA,NA,NA,NA,NA,"2",38,2,NA,NA,172,1
"331",173,0,"33",6,6,6,5,4,4,5,6,4,6,3,6,1,2,5,2,2,6,6,6,3,3,4,4,6,0,6,7,2,2,2,1,5,6,6,7,2,1,1,3,4,7,1,6,1,6,4,6,4,6,5,6,1,6,1,6,7,6,2,1,6,4,6,4,6,6,4,3,6,5,7,5,2,6,7,6,7,3,6,2,6,7,7,1,7,4,4,3,3,"5","6","6","6","6","6","6","2","2","4","6","4","4","4","3","4","5","4","3","2","0.95",5,"8",4,"2",26,2,1.25,14,173,4
"332",174,0,"33",5,5,6,6,6,6,5,6,6,7,1,7,7,7,7,7,6,2,3,4,3,3,4,3,5,1,6,5,4,5,4,5,6,6,6,6,4,3,2,2,3,6,6,5,2,6,2,6,3,5,5,5,6,6,5,5,6,6,5,6,6,5,5,3,6,5,5,5,5,4,5,5,3,5,5,5,5,6,6,2,6,6,6,3,5,1,1,1,1,"6","6","6","5","6","7","6","5","5","5","5","3","2","3","3","3","5","5","5","5","0.95",5,"7",3,"2",29,2,1.66666666666667,4,174,4
"333",175,0,"33",5,7,5,1,7,7,5,7,5,5,7,5,5,7,5,2,6,6,2,7,3,3,3,3,3,3,3,3,1,3,3,2,5,5,5,2,3,2,2,2,1,5,5,6,2,5,2,5,2,5,5,6,2,7,6,6,6,5,1,6,7,1,6,2,6,5,4,3,5,5,6,6,2,6,2,6,7,6,6,6,7,6,7,3,5,3,3,4,3,"5","6","5","2","5","5","6","5","3","2","5","3","3","3","3","3","6","2","6","6","0.95",5,"8",4,"1",33,2,1.25,13,175,1
"334",176,0,"33",6,6,5,3,2,4,6,5,5,1,3,6,7,4,4,1,3,6,4,5,4,5,5,4,6,0,7,6,2,2,6,1,6,5,6,1,4,1,1,1,1,5,4,6,4,6,5,6,4,6,7,7,2,6,3,6,6,7,2,4,7,5,5,2,6,6,6,6,7,4,6,5,2,6,6,6,6,5,6,4,6,6,6,5,6,3,4,3,3,"6","6","6","7","7","7","7","6","6","5","6","3","3","5","5","5","6","5","5","6","0.95",5,"7",3,"1",32,2,1.66666666666667,13,176,3
"335",177,0,"33",5,6,4,5,5,2,4,4,5,3,3,6,5,3,3,4,5,6,4,5,3,3,3,3,4,2,4,4,3,3,3,3,3,3,4,3,4,4,4,4,4,2,3,5,3,5,6,6,4,5,5,6,3,6,4,6,6,6,4,5,6,6,6,4,6,6,5,5,6,6,6,6,2,6,6,6,6,4,6,5,6,6,6,3,6,3,2,3,4,"5","5","5","6","6","6","6","5","4","5","5","3","3","3","4","4","5","5","5","4","0.95",5,"9",5,"2",24,2,1,12,177,4
"336",178,0,"33",1,7,7,1,7,7,1,7,1,7,7,1,7,7,7,1,1,7,7,7,3,4,4,3,6,4,6,6,1,1,1,1,1,1,1,1,3,1,1,1,1,3,1,6,1,6,2,6,2,6,6,6,3,6,5,6,6,7,1,5,6,2,6,1,1,6,6,2,6,5,6,6,2,6,6,6,6,6,6,2,7,7,7,1,7,5,5,5,5,"7","7","7","7","7","7","7","6","2","1","6","4","4","4","3","3","6","2","6","7","0.95",5,"12",6,"1",32,1,0.833333333333333,20,178,3
"1033",179,1,"33",5,6,2,3,3,3,4,4,4,4,5,5,5,4,3,3,4,3,3,6,3,3,4,4,4,3,4,4,4,3,3,4,5,5,5,5,4,3,3,4,5,5,4,6,2,6,3,4,5,6,6,6,4,6,5,6,5,4,3,3,5,3,5,4,6,6,6,4,5,5,5,2,3,6,6,6,6,4,6,2,6,6,6,2,5,NA,NA,NA,NA,NA,NA,NA,NA,NA,NA,NA,NA,NA,NA,NA,NA,NA,NA,NA,NA,NA,NA,NA,NA,NA,NA,NA,NA,"2",36,2,NA,NA,179,5
"341",180,0,"34",7,5,2,7,3,2,1,2,7,6,3,3,5,2,7,2,7,4,2,5,3,4,4,4,4,1,4,4,6,3,6,5,5,5,7,2,4,2,2,3,3,6,5,6,2,6,3,6,2,2,5,7,4,6,2,6,6,2,2,6,7,2,6,3,5,5,7,7,5,7,5,5,2,5,5,3,7,7,2,5,6,5,4,3,2,4,3,5,4,"6","6","6","5","5","6","7","6","6","4","5","4","3","4","2","4","5","6","5","5","0.99",0,"10",4,"2",31,2,0,16,180,1
"342",181,0,"34",4,5,5,4,2,2,6,4,5,6,3,6,5,5,2,3,2,4,5,6,3,3,3,4,6,0,6,6,4,4,3,4,3,2,3,2,2,1,1,1,2,5,2,5,2,6,4,6,2,6,6,6,2,6,3,4,6,6,2,2,4,2,5,2,6,6,4,4,3,3,5,3,4,6,6,3,5,3,6,2,6,4,6,3,4,4,4,3,3,"6","6","5","6","6","6","6","2","2","2","3","4","4","3","4","4","5","4","2","3","0.99",0,"10",5,"2",38,2,0,14,181,1
"343",182,0,"34",6,7,5,5,5,3,6,6,6,6,6,6,5,4,5,5,5,5,4,6,4,5,5,5,6,-1,6,7,1,1,2,3,4,2,5,2,5,3,2,1,4,2,5,7,5,4,7,7,3,3,3,3,2,6,5,7,3,7,3,5,3,7,7,3,7,4,7,4,4,7,3,7,3,5,7,6,2,5,5,2,4,5,5,3,2,5,4,4,4,"7","7","7","7","7","7","7","3","2","2","7","4","4","5","5","5","5","6","6","5","0.99",0,"9",4,"2",31,2,0,17,182,5
"1034",183,1,"34",5,7,5,3,2,2,2,5,7,7,2,7,2,5,2,5,6,6,2,6,3,3,3,3,6,4,4,6,6,2,2,2,6,6,2,2,4,2,1,2,5,6,2,6,2,6,2,6,6,6,6,6,2,6,6,2,6,6,6,3,6,2,6,6,6,6,6,2,6,6,6,2,2,6,6,6,6,6,6,2,6,6,6,2,6,NA,NA,NA,NA,NA,NA,NA,NA,NA,NA,NA,NA,NA,NA,NA,NA,NA,NA,NA,NA,NA,NA,NA,NA,NA,NA,NA,NA,"2",35,2,NA,NA,183,1
"351",184,0,"35",6,7,2,5,3,1,1,6,7,1,7,2,1,3,7,5,7,3,1,5,3,3,3,4,5,1,6,3,2,2,2,3,6,5,5,6,3,3,5,4,6,2,6,4,7,6,6,5,2,6,5,2,2,7,6,6,6,6,7,7,5,6,7,7,2,6,7,6,5,7,5,7,1,6,3,6,2,7,4,6,5,6,6,7,7,2,4,5,4,"2","2","1","5","3","6","6","6","6","4","6","2","2","3","4","3","7","7","5","5","1",0,"15",4,"2",29,2,0,15,184,3
"352",185,0,"35",3,2,6,5,2,2,5,2,6,6,1,6,5,5,3,6,5,3,5,5,3,4,4,4,5,2,6,7,2,2,5,7,6,6,7,7,1,3,1,2,1,5,6,5,5,7,2,4,6,3,6,7,7,7,7,4,7,7,3,6,7,1,6,4,7,6,7,5,6,7,6,2,2,5,7,7,7,7,5,6,5,7,7,6,7,3,5,2,3,"3","6","6","6","5","6","6","5","5","5","5","4","4","4","4","4","2","2","5","3","1",0,"11",5,"2",36,2,0,13,185,5
"353",186,0,"35",6,7,4,1,5,5,6,5,6,2,6,5,2,2,4,7,6,6,5,6,5,5,3,3,3,5,1,3,4,5,4,7,6,4,4,7,3,4,5,3,2,7,5,6,6,6,4,6,5,6,7,7,4,2,6,6,7,7,3,7,7,2,6,1,6,5,6,4,7,6,4,6,2,5,6,7,6,5,6,1,6,6,7,6,6,3,2,4,3,"6","6","7","5","6","6","6","7","6","7","5","2","3","3","2","2","7","6","7","6","1",0,"11",5,"1",23,2,0,12,186,3
"1035",187,1,"35",3,1,4,5,7,3,4,7,2,1,5,7,3,6,1,7,2,2,4,7,4,4,4,4,7,-1,5,7,3,1,1,4,1,4,5,1,1,1,1,4,1,6,1,6,2,4,5,6,2,5,4,5,2,6,4,7,6,4,2,5,6,6,6,2,7,6,6,6,6,5,6,6,3,5,5,6,6,2,2,2,6,2,7,2,6,NA,NA,NA,NA,NA,NA,NA,NA,NA,NA,NA,NA,NA,NA,NA,NA,NA,NA,NA,NA,NA,NA,NA,NA,NA,NA,NA,NA,"2",30,2,NA,NA,187,5
"361",188,0,"36",5,7,6,5,6,5,6,6,7,2,5,6,2,1,5,4,6,4,7,7,4,4,5,4,7,0,5,5,4,6,3,4,5,4,4,4,4,1,2,2,4,5,5,4,2,6,5,5,4,6,5,6,3,6,4,5,5,6,4,3,5,4,6,5,5,6,5,5,5,4,5,5,2,5,5,6,5,4,4,4,5,6,6,5,5,4,5,5,4,"6","6","6","6","6","6","6","7","6","5","4","3","3","4","5","5","5","5","4","6","0.85",4,"7",5,"2",28,2,0.8,18,188,3
"362",189,0,"36",5,1,3,3,7,2,6,7,3,6,6,2,2,2,2,1,1,2,7,7,3,3,3,3,6,4,6,6,6,2,2,2,2,2,2,2,4,1,1,1,1,3,2,6,2,6,6,7,5,6,6,6,2,7,6,6,6,2,5,6,6,6,3,6,6,6,5,2,6,2,6,6,2,6,6,6,2,2,2,6,6,6,6,6,3,4,5,5,5,"6","2","6","6","6","6","6","7","2","6","6","4","4","5","5","5","7","7","7","6","0.85",4,"9",6,"2",29,2,0.666666666666667,19,189,3
"363",190,0,"36",1,4,4,5,1,1,3,2,3,6,5,6,2,4,6,4,1,3,5,7,3,3,2,3,5,1,5,3,4,5,5,5,2,2,2,2,5,1,1,1,1,2,2,5,1,6,6,6,6,6,6,5,2,6,4,5,4,6,4,1,6,5,7,6,6,5,5,5,5,7,6,6,2,5,6,2,2,2,4,4,4,6,6,5,2,3,3,3,3,"5","6","3","5","5","6","6","5","5","3","4","3","4","4","4","4","6","6","6","6","0.85",4,"11",6,"2",28,2,0.666666666666667,12,190,3
"1036",191,1,"36",2,5,4,6,6,4,5,6,7,7,5,5,2,6,2,5,5,2,5,2,3,3,4,3,6,2,4,6,3,5,5,4,6,4,5,5,3,2,2,6,4,7,5,6,2,6,1,6,4,5,5,7,3,2,5,5,6,5,5,5,4,4,5,5,5,6,5,5,5,5,6,5,3,6,7,6,6,2,6,3,5,5,6,5,6,NA,NA,NA,NA,NA,NA,NA,NA,NA,NA,NA,NA,NA,NA,NA,NA,NA,NA,NA,NA,NA,NA,NA,NA,NA,NA,NA,NA,"2",35,2,NA,NA,191,4
"371",192,0,"37",3,7,4,3,4,4,5,4,5,5,4,6,6,5,4,1,1,7,5,5,2,4,5,4,3,1,5,4,5,6,6,4,6,6,6,6,5,5,5,3,5,6,6,5,5,4,5,5,4,5,6,4,6,5,5,6,4,4,6,6,4,5,2,5,4,3,5,3,5,5,7,1,6,3,6,4,6,1,4,5,4,6,5,5,3,4,5,4,3,"4","5","5","6","5","4","5","5","5","5","6","4","3","3","4","4","5","6","4","5","0.95",1,"8",18,"2",27,2,0.0555555555555556,16,192,2
"372",193,0,"37",2,6,3,5,5,6,7,6,5,2,6,6,6,6,2,5,3,2,5,7,3,3,3,2,5,2,5,4,4,6,6,5,3,2,3,5,2,3,3,3,6,3,5,6,5,4,2,2,5,7,5,2,4,7,7,7,3,3,2,1,1,5,6,7,6,1,5,5,2,3,4,6,5,3,4,4,3,5,6,3,4,4,4,3,3,3,4,5,3,"7","6","6","6","6","6","6","5","3","5","5","4","4","5","5","4","1","4","5","3","0.95",1,"9",20,"2",23,2,0.05,15,193,5
"373",194,0,"37",5,6,6,5,6,5,5,6,5,5,5,5,6,2,5,2,6,6,3,6,4,4,3,4,5,0,6,5,1,2,2,4,5,6,6,3,3,3,4,2,1,7,3,7,1,6,2,7,5,5,7,7,1,7,5,1,7,7,1,1,6,1,7,1,7,4,2,1,5,5,6,1,1,7,4,7,7,1,7,1,6,5,5,1,5,3,4,4,4,"5","5","6","6","6","5","5","5","6","5","6","3","3","3","4","4","5","5","6","6","0.95",1,"5",16,"2",28,2,0.0625,15,194,5
"374",195,0,"37",7,6,6,7,2,2,2,3,6,2,1,6,4,2,2,2,5,3,2,6,3,3,2,2,5,1,3,3,3,3,2,4,6,2,3,2,2,2,2,3,3,2,2,6,6,6,6,6,7,2,6,4,1,5,7,6,4,6,7,6,6,7,7,7,2,5,2,6,6,5,6,7,1,5,4,5,3,6,2,6,6,3,5,7,3,4,3,5,3,"6","7","6","7","7","7","6","5","5","3","4","3","3","3","4","4","3","2","6","2","0.95",1,"8",17,"1",28,2,0.0588235294117647,15,195,5
"375",196,0,"37",1,2,2,2,2,2,2,2,2,3,3,2,2,3,3,2,2,2,3,3,3,3,2,4,4,2,3,4,5,4,4,4,4,2,1,3,3,4,3,2,2,4,3,3,3,2,2,1,4,4,4,3,2,1,3,3,3,4,3,4,3,3,4,4,4,4,3,4,4,4,3,3,3,3,4,5,5,3,2,2,3,4,3,3,5,1,2,2,2,"7","6","6","5","4","2","2","4","4","3","2","3","4","3","2","2","4","3","2","1","0.95",1,"9",18,"1",28,2,0.0555555555555556,7,196,4
"1037",197,1,"37",6,7,6,5,6,3,5,6,3,5,6,7,5,3,6,6,7,7,1,5,4,3,3,4,5,0,6,5,3,3,3,5,6,6,7,3,3,4,2,3,1,5,2,6,2,6,5,6,2,6,6,6,1,7,5,7,6,6,2,3,5,2,7,2,6,6,2,2,6,2,6,2,2,6,6,2,6,2,6,2,6,5,6,2,3,NA,NA,NA,NA,NA,NA,NA,NA,NA,NA,NA,NA,NA,NA,NA,NA,NA,NA,NA,NA,NA,NA,NA,NA,NA,NA,NA,NA,"2",34,2,NA,NA,197,5
"381",198,0,"38",6,1,3,5,6,5,5,5,5,5,5,5,5,5,5,5,5,3,3,3,3,3,3,3,4,2,4,4,4,4,4,4,4,4,4,4,3,4,3,4,4,4,4,2,2,3,2,1,2,3,4,3,4,3,3,3,3,3,4,4,5,4,4,4,3,4,5,4,4,4,3,3,4,4,4,4,4,5,5,4,2,3,3,3,2,3,3,3,3,"6","6","6","6","6","6","7","6","7","6","6","4","3","4","4","3","4","4","4","4","0.9",6,"11",7,"1",26,2,0.857142857142857,12,198,1
"382",199,0,"38",5,6,6,3,3,3,6,6,6,6,3,6,3,4,5,5,3,3,4,7,3,3,3,3,3,4,5,5,5,2,6,4,5,5,5,5,3,1,1,1,1,2,2,5,2,5,3,6,6,6,6,6,2,6,3,6,6,6,5,6,6,6,5,2,6,6,6,6,6,6,6,6,3,6,5,5,5,2,5,5,4,6,6,5,6,4,4,4,4,"6","6","5","5","6","5","6","4","4","4","4","2","3","3","3","3","6","5","5","3","0.9",6,"8",5,"1",32,2,1.2,16,199,3
"383",200,0,"38",6,6,6,6,6,6,2,6,6,6,6,2,6,2,6,2,6,6,6,6,3,3,3,3,5,0,6,5,2,1,1,4,4,5,5,4,1,2,2,3,2,2,3,5,2,5,2,6,2,6,5,6,3,7,5,7,5,7,1,1,5,4,7,4,6,6,5,2,6,5,6,2,3,5,5,2,6,5,7,3,6,5,6,2,5,4,4,3,4,"6","5","6","5","5","6","6","5","5","5","5","3","4","3","4","3","5","5","5","6","0.9",6,"5",7,"1",29,2,0.857142857142857,15,200,5
"384",201,0,"38",2,7,3,2,5,5,7,6,5,3,5,6,2,4,7,6,5,6,4,6,4,4,4,4,6,0,6,6,6,2,2,2,2,2,3,2,2,1,1,5,1,6,4,5,2,6,4,7,3,6,6,6,2,6,2,5,6,6,2,2,6,6,6,2,6,6,6,2,6,2,6,2,3,6,6,6,6,2,6,2,7,6,6,2,6,4,3,5,4,"5","5","6","5","6","6","5","3","3","4","5","3","3","4","5","4","6","3","2","3","0.9",6,"9",8,"2",23,2,0.75,16,201,1
"385",202,0,"38",6,6,1,5,1,3,7,2,7,1,1,5,1,5,6,5,5,3,2,3,3,3,3,3,6,3,6,6,5,2,2,2,5,5,5,2,1,1,1,1,1,2,2,6,1,5,5,6,3,5,4,6,2,6,5,6,6,6,4,2,4,6,6,6,4,5,5,6,5,4,5,4,5,4,5,5,5,4,4,4,6,6,6,6,5,4,4,4,4,"6","6","6","6","6","6","6","6","6","5","6","4","4","4","4","4","5","5","6","6","0.9",6,"9",6,"2",25,2,1,16,202,5
"386",203,0,"38",4,7,4,5,6,3,5,7,4,6,7,6,2,4,6,2,4,3,4,4,3,4,4,5,6,-1,6,7,1,2,2,4,6,7,6,1,5,3,1,1,1,2,4,6,4,7,6,6,2,5,6,7,2,6,5,5,7,6,2,2,6,5,7,2,5,6,6,4,6,4,6,3,2,6,6,6,6,3,6,2,6,6,6,2,4,4,4,5,3,"6","6","6","6","7","6","6","3","4","3","6","4","5","4","4","5","5","4","2","2","0.9",6,"7",6,"2",30,2,1,16,203,1
"1038",204,1,"38",6,6,5,5,6,2,5,6,2,6,6,3,6,2,6,5,6,6,3,6,3,3,3,3,6,1,5,6,1,2,2,3,4,3,5,4,2,2,3,3,2,1,1,6,2,5,6,6,2,6,5,5,1,6,2,6,6,5,1,2,6,2,5,2,5,4,4,4,6,6,6,5,2,5,5,6,6,2,6,2,6,6,6,2,4,NA,NA,NA,NA,NA,NA,NA,NA,NA,NA,NA,NA,NA,NA,NA,NA,NA,NA,NA,NA,NA,NA,NA,NA,NA,NA,NA,NA,"1",40,2,NA,NA,204,3
"391",205,0,"39",6,6,6,2,6,6,2,6,2,6,6,2,6,2,6,2,6,6,6,6,3,4,3,3,6,1,6,5,1,2,1,5,5,5,5,2,3,1,3,1,2,2,2,5,1,5,1,5,1,6,5,5,2,7,2,6,5,5,1,1,6,1,6,2,6,4,4,4,5,5,6,5,1,7,6,5,6,5,6,2,6,6,6,2,7,3,4,3,3,"5","5","5","5","6","5","6","5","6","6","5","3","4","3","3","4","6","6","6","5","0.8",5,"10",9,"1",31,2,0.555555555555556,13,205,2
"392",206,0,"39",6,6,6,2,6,6,2,6,2,6,6,6,6,2,6,2,6,6,2,6,3,3,3,3,5,0,6,5,2,2,2,6,6,6,6,5,1,1,1,1,1,2,2,6,2,6,2,6,2,5,6,6,2,5,2,5,5,6,2,6,6,2,6,2,6,6,2,2,6,2,6,2,2,6,2,6,2,2,6,2,6,6,6,2,6,3,4,4,3,"6","6","6","6","6","6","6","6","6","6","6","3","4","4","3","3","5","6","6","5","0.8",5,"14",11,"1",32,2,0.454545454545455,14,206,2
"393",207,0,"39",6,7,3,6,5,6,3,5,6,5,3,5,1,3,2,2,4,6,4,6,3,3,4,4,5,0,5,6,3,3,2,2,3,4,2,2,5,5,5,5,5,2,2,5,4,6,5,5,3,3,6,6,3,5,3,6,6,5,3,3,2,5,6,2,4,6,4,5,6,5,5,5,3,5,6,5,3,4,5,1,4,6,6,2,6,2,1,3,4,"6","6","5","6","7","6","6","3","3","3","4","3","4","3","4","4","6","4","5","5","0.8",5,"10",10,"2",27,2,0.5,10,207,1
"394",208,0,"39",6,6,2,4,4,2,2,5,4,4,6,6,4,4,2,4,4,4,2,6,3,3,3,3,3,2,4,3,4,2,5,4,2,2,4,1,3,1,1,1,1,1,1,6,3,5,7,7,2,4,5,4,1,7,5,7,4,7,2,4,5,7,4,4,5,5,5,6,4,6,6,6,2,6,5,4,3,4,4,4,6,7,7,3,5,1,1,4,2,"7","7","6","7","7","7","7","4","6","3","7","5","2","3","4","4","5","4","6","6","0.8",5,"8",12,"2",28,2,0.416666666666667,8,208,1
"1039",209,1,"39",2,7,6,3,6,6,2,6,2,6,7,2,6,6,5,2,2,6,5,6,3,3,3,2,5,0,5,5,1,1,1,5,3,3,6,2,1,1,1,1,1,1,1,7,1,6,5,7,1,6,6,6,1,6,2,6,6,5,1,2,5,6,6,2,6,6,2,2,6,2,6,2,2,6,5,1,6,2,6,2,6,3,7,1,2,NA,NA,NA,NA,NA,NA,NA,NA,NA,NA,NA,NA,NA,NA,NA,NA,NA,NA,NA,NA,NA,NA,NA,NA,NA,NA,NA,NA,"1",35,2,NA,NA,209,3
