"","Leader","TeamNumber","ID","Mach_1","Mach_2","Mach_3","Mach_4","Mach_5","Mach_6","Mach_7","Mach_8","Mach_9","Mach_10","Mach_11","Mach_12","Mach_13","Mach_14","Mach_15","Mach_16","Mach_17","Mach_18","Mach_19","Mach_20","TeamPerformance_1","TeamPerformance_2","TeamPerformance_3","TeamPerformance_4","TeamInnovation_1","TeamInnovation_2","TeamInnovation_3","TeamInnovation_4","Psycho1","Psycho2","Psycho3","Psycho4","Narc1","Narc2","Narc3","Narc4","Progroup_unethical_1","Progroup_unethical_2","Progroup_unethical_3","Progroup_unethical_4","Progroup_unethical_5","Big5_1","Big5_2","Big5_3","Big5_4","Big5_5","Big5_6","Big5_7","Big5_8","Big5_9","Big5_10","Big5_11","Big5_12","Big5_13","Big5_14","Big5_15","Big5_16","Big5_17","Big5_18","Big5_19","Big5_20","Big5_21","Big5_22","Big5_23","Big5_24","Big5_25","Big5_26","Big5_27","Big5_28","Big5_29","Big5_30","Big5_31","Big5_32","Big5_33","Big5_34","Big5_35","Big5_36","Big5_37","Big5_38","Big5_39","Big5_40","Big5_41","Big5_42","Big5_43","Big5_44","LeaderEffectiveness_1","LeaderEffectiveness_2","LeaderEffectiveness_3","LeaderEffectiveness_4","HelpingBehavior_1","HelpingBehavior_2","HelpingBehavior_3","HelpingBehavior_4","HelpingBehavior_5","HelpingBehavior_6","HelpingBehavior_7","PerformancePressure_1","PerformancePressure_2","PerformancePressure_3","PerformancePressure_4","ProactivePerformance_1","ProactivePerformance_2","TeamAdapt_1","TeamAdapt_2","TeamAdapt_3","Intra_Competition_1","Intra_Competition_2","Intra_Competition_3","Intra_Competition_4","ClientSatisfaction","No.Complaints","No.IdeasContributed","TurnaroundTime","Gender","Age"
"1",0,1,11,1,3,7,4,4,3,5,5,3,4,4,3,5,7,5,4,5,6,4,3,4,4,5,3,7,2,6,7,6,4,2,3,3,1,2,2,5,4,1,1,1,5,1,7,4,7,6,7,4,5,7,7,2,6,4,6,7,7,4,5,6,7,5,2,5,6,4,2,6,5,7,5,4,5,6,7,7,2,5,4,6,5,4,5,6,"2","3","4","3","7","7","6","7","7","7","6","5","6","7","6","4","3","3","4","4","5","4","6","2","0.95","1","8","23",1,"28"
"2",0,1,12,1,7,5,7,7,6,6,6,5,6,6,6,5,4,3,2,6,6,4,6,3,3,2,2,5,6,5,6,2,6,4,4,5,4,6,4,1,1,1,1,1,2,2,5,4,5,5,6,4,6,7,6,4,6,5,6,6,3,3,2,5,5,5,5,5,6,6,6,5,5,6,5,5,6,6,5,5,5,5,4,6,2,6,4,6,"4","3","4","5","7","4","4","6","6","6","6","6","6","5","6","4","3","3","3","4","4","4","4","4","0.95","1","6","20",1,"25"
"3",0,1,13,2,6,6,2,6,6,2,6,3,6,6,2,6,2,6,2,2,6,2,6,3,3,3,3,5,5,5,5,1,1,1,5,6,6,6,2,1,1,2,3,3,1,1,7,1,5,6,6,2,6,6,4,1,6,1,6,6,4,2,2,5,6,3,6,7,5,6,1,6,2,6,6,6,6,5,6,6,2,6,2,5,6,5,2,5,"3","3","3","3","6","6","6","6","6","6","6","6","6","5","6","4","3","4","3","3","5","5","6","6","0.95","1","7","21",1,"29"
"4",0,1,14,4,7,6,4,2,3,5,5,4,6,2,6,3,3,6,2,3,5,4,4,4,4,4,4,6,4,5,5,4,4,4,4,4,4,4,4,1,2,2,1,1,3,3,4,3,4,3,4,2,5,5,6,3,6,5,5,4,5,4,4,5,4,5,3,5,4,4,4,5,4,4,4,4,4,4,4,4,4,3,4,4,4,4,4,4,"3","2","4","4","6","6","6","6","5","6","6","2","4","6","4","3","3","3","4","2","3","2","3","4","0.95","1","8","22",1,"24"
"5",1,1,1001,6,4,3,5,3,5,5,4,5,5,3,3,3,6,5,4,4,3,2,2,5,3,3,5,4,3,5,5,4,3,5,3,4,2,4,4,5,3,4,5,2,4,3,3,5,4,6,3,5,5,3,4,4,6,4,2,5,5,4,7,3,2,5,6,3,2,4,5,4,5,6,4,3,4,4,3,4,3,2,3,2,2,3,5,5,".",".",".",".",".",".",".",".",".",".",".",".",".",".",".",".",".",".",".",".",".",".",".",".",".",".",".",".",1,"35"
"6",0,2,21,5,6,6,4,5,3,5,7,4,6,2,6,2,2,5,3,2,6,6,6,3,3,4,3,6,6,6,7,2,2,2,2,5,5,5,6,2,2,1,3,4,5,3,5,2,6,3,6,3,6,6,6,1,6,4,6,5,5,2,3,6,4,6,2,6,5,4,4,5,4,5,4,6,5,6,5,5,4,5,5,6,5,6,2,5,"4","3","4","4","6","6","6","6","6","6","6","4","3","4","6","4","4","4","4","5","5","5","3","4","0.9","3","10","30",1,"32"
"7",0,2,22,6,7,5,6,7,5,1,1,4,2,6,6,7,6,5,1,2,5,5,1,3,3,2,2,6,2,6,6,2,2,2,2,1,1,4,1,2,1,1,1,1,1,1,6,2,6,4,7,2,6,7,6,2,6,5,5,6,7,3,5,6,6,6,2,6,6,6,2,6,2,6,5,6,6,6,6,6,2,6,4,5,5,6,2,3,"3","4","4","3","5","6","6","6","6","6","6","6","4","5","6","4","4","4","3","2","4","1","2","4","0.9","3","6","24",1,"22"
"8",0,2,23,6,7,5,4,4,3,7,5,6,4,4,6,3,4,6,5,6,5,3,7,3,3,3,3,5,5,5,5,4,4,5,5,5,5,6,5,4,4,3,5,2,5,4,5,3,6,5,6,2,7,6,7,5,7,5,6,6,7,3,3,7,4,6,4,5,6,6,6,6,6,6,4,6,7,6,7,6,5,6,2,6,6,6,2,6,"4","4","4","5","6","6","5","6","5","7","6","6","5","4","6","4","4","3","3","4","3","4","5","4","0.9","3","8","26",1,"22"
"9",0,2,24,6,4,5,4,6,3,5,3,5,6,5,4,4,3,4,3,5,4,4,6,3,4,4,5,4,3,3,5,5,6,4,6,3,6,5,4,5,6,4,2,3,3,4,5,5,4,6,5,4,5,4,5,6,6,5,4,5,5,5,5,4,5,4,4,5,4,5,6,5,5,4,4,5,4,3,2,4,3,3,6,5,4,6,4,5,"3","4","3","4","4","6","5","6","7","7","7","6","5","5","6","3","4","3","4","2","4","6","2","4","0.9","3","7","24",1,"32"
"10",1,2,1002,6,4,5,3,3,2,2,5,2,3,2,3,4,5,4,5,5,3,3,5,4,3,4,4,5,3,3,5,4,4,4,6,5,4,5,5,4,3,6,3,5,4,4,6,6,4,5,1,5,5,4,3,4,5,5,6,5,6,4,5,5,4,4,5,6,6,2,4,4,5,3,5,4,5,4,4,6,3,3,3,3,3,6,4,5,".",".",".",".",".",".",".",".",".",".",".",".",".",".",".",".",".",".",".",".",".",".",".",".",".",".",".",".",1,"39"
"11",0,3,31,2,5,4,3,7,5,4,4,3,1,4,4,2,7,4,1,5,3,4,3,1,3,3,5,1,6,5,4,4,4,2,3,6,5,1,1,3,4,5,1,6,1,3,7,2,6,6,7,4,2,6,7,5,3,6,6,2,3,4,6,1,7,7,3,5,3,5,6,4,5,2,3,4,5,3,4,4,5,2,3,7,6,6,3,5,"5","2","3","5","4","3","6","4","2","3","5","2","4","6","5","1","3","1","2","5","4","1","4","3","0.95","2","8","21",1,"21"
"12",0,3,32,4,3,5,4,6,3,5,4,3,5,6,4,4,5,4,5,5,4,5,5,4,4,3,3,4,5,4,4,5,6,5,6,5,4,5,6,4,5,5,4,5,5,4,6,5,2,3,3,5,7,6,7,3,5,2,4,5,2,2,6,5,3,4,6,1,1,3,3,5,2,5,1,7,7,1,2,4,1,6,4,5,3,6,4,6,"4","3","4","4","6","5","4","5","5","4","6","3","4","4","5","3","4","3","3","3","5","4","5","5","0.95","2","9","19",1,"25"
"13",0,3,33,1,3,2,6,2,4,7,4,4,3,5,6,5,6,5,4,2,2,5,3,3,4,1,4,4,3,4,5,4,2,5,3,6,5,5,7,5,4,6,4,4,3,3,5,4,3,5,6,4,5,5,7,6,7,5,3,4,5,3,2,3,4,5,4,6,6,5,5,4,2,6,4,6,7,6,3,6,4,4,6,4,6,5,5,4,"4","4","3","5","5","4","6","5","5","3","2","5","3","4","5","2","4","4","5","3","4","5","3","6","0.95","2","9","19",1,"24"
"14",0,3,34,5,7,6,3,2,3,2,6,5,5,4,4,4,6,5,5,4,4,3,3,4,1,5,5,5,5,6,6,4,3,6,3,6,4,5,5,4,4,5,5,5,6,5,4,4,3,6,4,5,6,4,6,4,4,6,5,6,4,2,5,4,3,4,4,3,3,4,3,2,3,6,3,6,5,3,4,5,4,4,6,3,4,3,5,2,"1","3","3","5","4","3","6","4","4","6","6","6","2","6","5","4","5","3","4","3","3","3","5","4","0.95","2","7","19",1,"25"
"15",1,3,1003,6,4,4,4,3,3,2,2,3,3,2,3,3,6,4,3,5,3,4,5,4,3,3,4,5,3,3,5,4,5,3,4,3,5,5,4,4,3,4,3,4,4,4,5,4,6,4,5,5,5,5,4,5,5,5,5,4,5,3,4,5,4,5,4,5,6,4,4,4,6,4,6,5,4,5,4,5,6,3,3,5,5,4,4,6,".",".",".",".",".",".",".",".",".",".",".",".",".",".",".",".",".",".",".",".",".",".",".",".",".",".",".",".",1,"39"
"16",0,4,41,3,5,5,4,4,3,2,3,3,2,3,5,5,4,4,5,6,7,4,5,3,4,2,3,3,5,5,3,5,4,6,5,7,4,4,6,4,4,3,5,6,4,6,5,5,6,5,3,5,4,3,5,4,5,6,5,3,5,5,3,2,5,4,5,6,4,5,6,3,3,4,5,4,6,4,7,4,2,3,4,5,4,4,5,6,"4","5","4","3","5","1","4","3","5","5","4","5","3","2","4","4","3","2","3","5","4","4","6","5","0.99","0","11","12",1,"22"
"17",0,4,42,6,7,5,5,7,5,5,6,5,6,7,5,7,1,6,5,6,7,5,7,3,3,3,3,5,6,5,5,1,1,1,2,5,6,7,5,2,3,3,3,2,6,2,6,2,6,2,6,2,6,6,6,2,6,2,6,6,6,2,2,6,2,6,2,7,5,4,2,6,2,7,2,6,6,6,7,7,2,7,1,7,7,6,1,6,"4","4","3","4","6","7","7","5","6","6","6","6","6","5","5","3","3","3","4","3","6","5","6","5","0.99","0","10","14",1,"25"
"18",0,4,43,1,1,6,4,3,6,2,5,2,4,4,3,4,1,7,5,4,3,2,3,2,2,3,1,1,3,6,7,1,3,6,6,3,7,3,6,1,4,3,5,6,1,2,5,4,7,4,2,1,4,4,4,4,6,3,7,5,2,3,4,5,4,4,5,7,6,5,5,5,4,5,1,3,6,7,5,5,5,2,3,2,5,7,4,4,"1","1","2","4","3","4","5","4","4","7","6","1","3","6","2","4","2","1","3","3","3","2","5","3","0.99","0","10","15",1,"23"
"19",0,4,44,6,7,4,1,7,7,7,7,6,6,5,6,1,1,1,1,2,2,2,7,4,4,4,4,7,7,7,7,2,4,4,4,6,6,6,6,4,1,1,4,1,6,2,7,2,6,6,6,2,2,6,6,2,6,6,6,6,7,2,6,6,6,6,2,2,6,6,6,7,2,6,6,7,6,6,7,7,1,7,6,6,4,7,2,6,"3","1","4","4","7","7","7","7","7","7","7","7","5","6","6","4","4","5","5","5","4","2","2","4","0.99","0","10","12",1,"26"
"20",1,4,1004,5,3,4,6,4,6,4,6,5,5,3,4,6,3,6,4,6,4,4,4,5,3,4,4,5,3,4,5,5,3,4,3,4,5,3,4,5,3,3,5,4,4,3,4,3,5,2,3,5,3,4,3,5,4,4,5,4,6,2,4,4,5,4,5,6,3,4,4,5,5,1,3,5,3,3,5,5,4,3,5,5,6,4,5,3,".",".",".",".",".",".",".",".",".",".",".",".",".",".",".",".",".",".",".",".",".",".",".",".",".",".",".",".",1,"38"
"21",0,5,51,5,6,6,5,7,6,6,5,6,6,6,6,4,5,5,6,6,7,6,6,2,3,2,4,4,6,6,5,5,6,7,6,6,6,7,7,4,5,4,5,5,5,5,6,7,6,6,6,6,7,7,5,6,5,5,5,6,6,6,6,6,5,6,6,7,6,5,6,6,5,7,7,6,5,6,6,7,6,4,6,6,5,5,6,7,"3","4","5","4","5","5","5","5","5","6","4","4","7","6","4","1","3","3","4","4","4","4","3","5","0.85","5","6","18",1,"30"
"22",0,5,52,6,6,6,2,6,6,5,7,6,6,6,5,6,2,6,2,6,6,2,6,3,3,3,3,5,6,5,5,1,1,1,4,6,5,5,4,2,1,2,2,1,5,1,6,1,6,1,7,1,7,6,5,2,6,2,6,6,6,1,3,6,2,7,2,6,5,2,2,6,5,7,3,6,6,6,7,7,1,6,2,7,6,6,2,5,"3","3","4","3","5","6","6","6","6","5","5","6","6","6","6","3","3","3","4","3","6","6","6","5","0.85","5","8","24",1,"33"
"23",0,5,53,5,7,2,1,5,5,6,6,6,2,2,1,1,2,2,2,2,6,2,6,3,3,3,4,5,5,5,2,2,2,2,2,2,1,1,2,1,1,1,5,4,5,5,7,1,1,5,6,1,7,7,7,2,7,5,7,7,7,2,5,7,6,6,5,6,6,6,5,6,3,3,5,6,7,6,6,5,2,5,2,6,6,7,2,6,"5","3","5","5","7","7","7","7","7","7","7","3","2","3","6","3","4","4","3","4","5","2","2","6","0.85","5","7","21",1,"25"
"24",0,5,54,5,7,4,6,3,5,5,5,4,4,6,4,7,4,6,4,4,5,6,5,4,3,3,4,5,3,2,2,6,4,5,4,5,6,5,4,4,3,4,5,4,4,5,6,4,5,4,4,3,5,3,3,4,3,5,5,5,5,4,4,3,4,5,3,6,4,5,3,4,5,4,5,4,4,5,4,4,5,5,5,4,5,4,4,6,"4","3","1","4","6","3","5","3","5","4","6","3","4","4","6","3","1","4","3","3","6","3","4","4","0.85","5","8","21",1,"31"
"25",1,5,1005,4,3,5,4,6,3,5,5,4,5,4,4,4,5,7,3,5,5,4,6,4,3,4,3,4,3,5,5,4,4,5,3,5,3,5,4,4,3,5,4,5,4,5,4,5,4,4,3,7,5,4,6,5,7,3,6,4,6,4,6,3,5,4,5,5,6,3,5,3,5,6,4,2,4,4,3,3,4,5,6,4,5,3,3,4,".",".",".",".",".",".",".",".",".",".",".",".",".",".",".",".",".",".",".",".",".",".",".",".",".",".",".",".",1,"45"
"26",0,6,61,2,6,6,2,7,1,5,5,6,5,4,6,5,2,2,3,4,2,5,3,3,4,3,4,6,6,5,6,2,3,2,2,6,5,5,2,1,1,1,1,1,6,2,6,2,6,2,7,2,6,6,7,2,6,3,2,6,6,2,1,4,5,6,1,6,6,5,2,6,2,5,4,1,1,6,6,6,1,6,2,1,6,7,3,6,"3","3","2","4","4","6","6","5","6","6","6","2","2","3","6","4","3","4","3","4","6","2","1","3","0.91","5","9","15",1,"24"
"27",0,6,62,5,7,5,5,7,5,5,6,4,4,2,4,5,4,5,4,5,4,2,5,4,4,4,4,2,2,2,2,4,4,4,4,4,4,4,4,4,1,5,4,4,3,5,4,6,3,5,5,4,5,4,6,4,6,4,6,1,3,3,2,4,5,5,4,5,4,3,4,3,3,2,4,5,5,4,4,5,6,3,2,5,5,4,3,5,"2","3","1","3","6","7","7","7","7","7","6","6","6","7","6","5","5","4","2","2","3","2","6","6","0.91","5","10","17",1,"27"
"28",0,6,63,4,6,6,4,6,6,5,6,6,6,6,6,2,2,6,5,6,5,3,5,3,3,3,4,6,1,6,5,4,3,3,5,6,5,5,4,4,1,1,3,3,5,4,4,3,5,4,6,6,5,5,5,5,5,5,5,5,6,5,5,6,5,6,5,4,5,5,3,3,3,4,3,6,5,5,5,7,3,6,4,6,6,6,6,6,"3","3","4","4","6","6","4","6","6","6","6","5","3","4","5","3","3","3","4","4","3","3","5","3","0.91","5","8","14",1,"22"
"29",0,6,64,2,7,3,2,7,4,2,5,1,1,6,6,4,4,2,3,4,6,2,7,4,3,3,3,4,2,5,5,4,1,1,1,5,2,4,1,1,1,1,1,1,5,2,6,1,5,4,7,5,4,7,6,2,6,5,7,6,6,4,4,7,5,7,4,6,6,4,2,6,4,7,6,7,4,4,2,6,2,4,2,6,6,6,5,7,"5","5","4","4","6","6","5","7","6","7","7","6","5","5","5","3","3","3","3","3","5","5","6","5","0.91","5","8","16",1,"30"
"30",1,6,1006,4,1,4,3,4,5,5,4,4,6,4,5,7,5,4,3,3,5,3,4,4,3,3,5,4,3,4,5,4,3,5,5,4,4,5,3,4,4,3,3,4,5,3,3,5,4,3,5,4,4,4,5,5,4,6,5,3,2,4,2,4,5,5,4,5,4,6,4,4,5,6,4,4,5,3,4,5,3,4,4,6,3,5,3,3,".",".",".",".",".",".",".",".",".",".",".",".",".",".",".",".",".",".",".",".",".",".",".",".",".",".",".",".",1,"30"
"31",0,7,71,2,4,4,2,3,2,1,1,2,4,3,7,2,3,7,6,2,2,1,6,3,3,3,3,6,4,4,5,3,4,5,6,4,5,6,2,5,4,3,4,1,4,2,6,4,6,3,6,2,5,5,6,2,6,4,6,6,6,2,4,6,2,5,3,6,5,6,4,5,4,6,3,6,4,6,6,6,5,6,3,6,7,7,5,6,"5","5","5","5","6","6","7","7","7","7","7","4","3","6","5","4","4","3","4","4","6","3","2","5","0.95","2","12","20",1,"27"
"32",0,7,72,5,2,2,2,3,5,6,2,7,4,5,6,3,3,6,5,6,4,3,4,4,3,5,4,4,4,5,6,5,4,4,5,1,4,4,2,4,5,4,6,5,3,5,4,6,4,5,5,5,5,3,4,3,2,4,5,6,4,4,6,3,5,6,5,6,4,4,5,6,4,4,6,5,4,6,3,3,5,4,5,5,5,5,4,3,"3","4","4","3","4","2","4","4","6","4","6","6","4","4","6","4","3","4","4","5","5","4","5","6","0.95","2","10","23",1,"38"
"33",0,7,73,6,5,6,5,5,6,7,6,3,2,4,6,2,5,5,6,6,6,6,5,4,3,4,4,7,3,6,6,3,2,2,1,1,3,2,2,2,1,1,1,2,2,3,6,1,6,2,6,2,7,6,6,2,6,4,6,7,7,2,5,3,6,5,2,6,6,7,3,7,2,6,2,3,6,7,6,7,2,6,2,6,6,6,2,4,"1","4","4","4","7","6","7","6","7","7","6","6","5","4","5","5","5","5","5","4","2","5","2","2","0.95","2","11","24",1,"24"
"34",1,7,1007,6,4,4,3,4,3,5,4,3,5,4,5,5,3,5,3,5,3,5,5,4,3,5,3,5,2,3,4,5,2,5,2,5,3,4,5,3,5,3,4,4,5,2,4,4,5,3,5,4,3,5,3,4,6,5,6,5,5,7,5,3,5,4,6,5,4,2,6,3,4,5,2,4,4,3,5,3,5,3,4,5,4,3,5,4,".",".",".",".",".",".",".",".",".",".",".",".",".",".",".",".",".",".",".",".",".",".",".",".",".",".",".",".",1,"38"
"35",0,8,81,4,5,2,6,7,4,3,6,5,4,2,6,2,4,6,5,5,4,2,6,3,3,3,3,7,7,7,7,4,4,4,4,6,5,5,4,3,1,1,1,1,3,3,6,4,7,3,7,2,5,7,7,1,7,2,7,7,5,3,2,7,3,5,2,7,7,7,4,7,3,7,2,5,7,7,5,7,1,6,2,7,7,7,1,4,"5","5","5","5","7","7","7","7","7","7","7","2","1","4","3","4","5","4","4","4","6","3","3","6","0.87","4","11","48",1,"29"
"36",0,8,82,6,6,3,4,5,2,2,2,6,2,4,2,2,4,2,4,2,4,4,6,3,3,3,3,4,4,4,4,4,4,4,4,4,4,4,4,3,3,3,3,3,4,4,4,4,4,4,4,4,4,4,4,4,4,4,4,4,4,4,4,4,4,4,4,4,4,4,4,4,4,4,4,4,4,4,4,4,4,4,3,4,4,4,4,4,"3","3","3","3","4","4","4","4","4","4","4","4","4","4","4","3","3","3","3","3","4","4","4","4","0.87","4","12","40",2,"32"
"37",0,8,83,1,6,2,6,7,6,5,7,4,6,1,5,2,4,6,6,3,7,4,6,4,3,2,4,2,5,4,4,4,3,5,5,4,5,5,4,4,2,4,2,5,5,3,5,3,6,3,6,6,4,5,4,5,3,6,3,5,3,5,4,4,5,2,5,5,5,3,5,2,5,4,3,5,3,6,6,6,5,6,6,6,6,3,5,5,"2","3","4","4","6","5","4","3","5","5","6","4","6","5","4","3","2","3","2","4","5","5","4","3","0.87","4","10","42",1,"30"
"38",1,8,1008,4,1,2,6,3,2,5,6,5,2,3,4,2,5,5,6,3,4,2,6,3,3,3,3,6,6,5,5,2,2,2,2,4,4,1,2,4,3,1,1,5,5,2,5,1,3,6,6,7,6,6,4,5,6,5,6,4,5,2,2,5,7,6,7,5,4,5,4,6,5,6,6,6,5,5,6,5,6,5,5,6,4,6,4,5,".",".",".",".",".",".",".",".",".",".",".",".",".",".",".",".",".",".",".",".",".",".",".",".",".",".",".",".",1,"29"
"39",0,9,91,3,6,2,2,3,6,2,3,4,6,4,5,4,6,7,5,2,6,2,6,3,4,4,3,5,5,5,4,6,6,6,6,6,7,6,6,3,4,3,2,4,6,4,3,2,3,5,5,4,4,4,4,4,4,4,3,3,3,4,4,4,4,3,3,4,5,6,5,4,4,1,3,3,4,4,4,3,4,3,4,4,5,3,2,1,"3","3","3","4","6","6","5","5","6","6","6","6","6","6","7","4","2","3","3","3","5","5","6","6","0.9","3","11","35",1,"26"
"40",0,9,92,7,7,6,4,7,7,6,7,6,7,7,3,1,1,1,3,1,7,2,7,4,5,5,5,7,7,7,7,4,1,1,7,5,6,6,1,1,1,1,1,1,7,6,7,1,7,2,7,2,7,7,7,1,6,1,7,7,7,1,1,7,1,7,1,6,7,7,6,7,7,7,7,7,7,7,2,7,7,7,2,7,7,7,7,7,"5","5","5","5","7","7","7","7","7","7","7","7","7","7","7","5","5","5","5","5","7","2","7","4","0.9","3","12","32",2,"25"
"41",0,9,93,3,6,2,3,3,3,5,5,6,6,2,2,2,2,1,3,3,2,2,6,3,3,4,4,5,5,5,5,5,5,5,5,5,5,5,5,3,5,4,5,5,4,4,5,2,2,4,6,6,5,5,5,5,7,5,5,5,4,5,3,5,5,7,6,5,5,5,6,5,5,5,4,6,6,6,6,5,6,6,5,4,4,3,6,6,"5","4","3","3","6","6","6","6","6","6","7","5","5","5","6","4","4","4","4","4","6","6","6","6","0.9","3","10","36",1,"33"
"42",1,9,1009,1,1,6,1,6,6,2,6,2,1,6,7,1,2,5,1,1,7,6,7,4,4,5,5,6,1,6,6,1,1,1,1,2,1,2,1,1,1,1,1,1,5,2,7,1,6,5,7,5,7,7,6,2,7,2,7,7,7,4,5,7,7,7,4,7,7,7,2,7,5,7,5,6,6,7,2,5,1,7,2,7,7,7,5,2,".",".",".",".",".",".",".",".",".",".",".",".",".",".",".",".",".",".",".",".",".",".",".",".",".",".",".",".",1,"27"
"43",0,10,101,2,6,7,2,6,6,5,5,3,6,6,5,3,4,5,5,5,6,6,6,3,3,3,3,6,6,4,6,2,2,2,2,2,2,2,2,2,1,1,1,1,4,2,2,2,4,4,6,2,4,4,5,2,6,2,4,4,6,2,4,4,2,4,2,6,4,6,4,6,4,4,4,5,6,4,6,6,2,5,4,4,3,6,4,4,"5","3","4","4","6","6","6","6","6","6","6","3","2","3","6","4","4","3","4","5","2","4","2","4","0.96","1","15","25",1,"30"
"44",0,10,102,3,7,1,6,3,2,5,3,4,6,3,3,6,2,3,3,4,6,1,3,3,4,4,3,6,2,6,6,2,2,2,2,5,2,2,2,1,1,1,1,1,6,2,6,2,6,2,7,3,6,7,6,2,7,5,6,6,7,5,5,7,5,6,2,6,6,7,2,6,3,6,5,6,6,6,6,6,2,5,2,6,6,6,3,6,"3","3","4","4","6","6","6","7","7","6","6","6","2","4","6","4","4","4","4","4","6","2","4","3","0.96","1","12","24",1,"28"
"45",0,10,103,5,1,3,5,1,2,3,6,6,2,7,6,5,1,5,4,6,7,6,7,3,4,5,3,5,6,5,6,3,2,2,1,4,1,1,1,2,1,1,1,1,6,1,6,1,6,4,7,3,6,6,6,1,6,5,6,5,7,3,2,6,5,6,5,5,6,6,4,7,5,6,6,7,7,7,7,5,3,7,5,6,6,7,3,5,"3","4","3","4","6","6","5","7","6","6","6","4","2","5","5","4","4","4","3","3","4","4","2","2","0.96","1","14","22",1,"31"
"46",1,10,1010,2,6,6,5,6,6,3,6,3,2,6,2,1,6,2,4,2,5,3,6,3,4,3,4,6,3,5,5,3,3,2,2,5,4,5,2,2,2,2,2,2,6,3,5,2,5,2,6,5,6,6,6,2,6,5,6,7,6,2,2,5,2,6,2,6,6,6,2,6,2,6,2,5,5,6,2,6,3,5,2,5,2,6,2,6,".",".",".",".",".",".",".",".",".",".",".",".",".",".",".",".",".",".",".",".",".",".",".",".",".",".",".",".",1,"26"
"47",0,11,111,2,7,5,5,4,4,5,7,5,3,1,4,3,4,3,5,2,3,4,7,3,4,4,3,5,3,4,5,3,3,2,5,5,5,5,5,2,1,1,1,2,6,4,4,4,7,3,6,5,6,6,6,6,7,2,5,5,6,2,5,6,1,5,4,6,4,6,6,5,7,6,5,5,6,6,6,6,6,6,2,6,4,6,2,4,"4","5","3","5","4","5","5","6","6","6","6","4","6","4","5","4","4","4","5","4","6","4","4","4","0.99","0","18","15",1,"28"
"48",0,11,112,2,6,4,5,3,2,6,2,4,7,4,6,1,4,1,6,1,6,4,6,3,4,3,3,6,3,4,5,2,3,2,5,5,5,5,3,4,1,1,3,2,7,5,7,1,5,4,6,6,3,7,7,5,7,5,7,5,4,1,5,6,2,6,7,6,5,4,3,4,5,6,3,4,4,4,5,7,4,7,3,7,3,5,6,7,"5","5","4","3","5","5","6","6","6","6","5","4","3","4","4","3","4","3","4","4","4","4","3","4","0.99","0","18","18",2,"27"
"49",0,11,113,1,7,6,2,5,3,5,6,6,7,5,7,5,6,7,7,1,5,4,4,4,4,4,4,6,4,5,6,1,1,1,1,5,6,6,4,3,1,1,1,1,3,3,5,1,6,6,6,5,6,5,7,1,7,6,5,6,6,3,5,5,6,7,6,6,6,6,2,6,5,4,4,2,5,5,5,6,3,6,3,5,5,6,2,5,"4","4","4","3","5","4","6","6","6","5","4","5","5","5","5","3","4","3","4","3","5","4","1","3","0.99","0","15","16",1,"25"
"50",1,11,1011,1,7,6,5,2,2,5,4,7,7,3,5,6,6,3,6,1,4,6,7,3,3,3,3,6,2,5,5,2,5,2,2,7,5,7,3,1,1,1,1,1,3,6,6,1,5,4,7,5,6,6,6,2,7,5,5,7,6,3,7,7,7,7,4,6,4,6,4,6,6,6,6,6,5,6,6,6,6,7,4,6,2,7,3,4,".",".",".",".",".",".",".",".",".",".",".",".",".",".",".",".",".",".",".",".",".",".",".",".",".",".",".",".",1,"28"
"51",0,12,121,3,6,3,4,3,2,6,7,6,4,3,6,5,4,3,5,3,5,6,6,3,2,3,3,5,6,6,5,2,4,5,4,3,3,3,2,3,1,1,2,2,6,4,5,2,6,2,7,5,3,6,6,6,6,6,5,6,3,4,6,5,2,6,3,3,5,5,4,5,6,6,3,5,6,3,6,6,5,3,6,6,6,6,5,6,"5","5","4","4","6","6","7","5","5","6","6","2","3","4","5","3","3","4","4","3","1","4","3","3","0.85","7","6","4",2,"22"
"52",0,12,122,5,7,5,5,7,6,3,6,5,2,3,6,2,3,5,6,5,6,3,6,3,3,3,3,4,4,4,4,5,5,3,3,3,4,4,4,3,3,3,3,3,5,5,5,2,5,3,5,3,5,5,5,2,6,6,6,5,5,2,2,6,2,5,3,6,6,6,5,6,2,6,2,7,6,6,6,6,2,6,2,6,6,6,2,5,"3","3","4","4","6","6","6","6","6","6","6","6","4","4","2","3","3","4","4","4","6","3","2","6","0.85","7","8","4",1,"25"
"53",0,12,123,6,6,5,5,6,6,5,6,5,6,6,6,5,5,5,6,5,6,5,6,4,4,3,2,5,3,5,6,1,1,1,1,5,5,6,1,1,2,3,1,1,5,1,5,1,6,5,6,2,7,5,6,1,6,3,5,5,6,2,1,6,5,5,1,7,6,4,2,6,5,6,5,6,6,7,5,6,5,5,3,6,6,6,2,6,"4","4","4","5","5","6","5","6","5","5","5","6","5","6","6","3","4","3","3","4","6","2","5","5","0.85","7","7","3",1,"28"
"54",0,12,124,1,7,7,1,7,7,1,7,2,1,7,1,1,7,7,1,6,7,7,1,3,4,3,3,5,5,5,3,2,2,2,1,1,2,6,1,1,1,1,1,1,2,1,6,1,6,5,5,1,5,5,5,1,5,1,5,5,7,1,1,6,1,6,1,6,5,5,1,5,1,5,1,6,6,6,1,5,5,7,2,6,6,7,1,6,"3","4","4","4","6","5","5","6","6","5","5","6","5","6","6","3","3","4","3","4","6","1","5","6","0.85","7","8","2",1,"29"
"55",0,12,125,7,6,2,7,1,2,5,6,6,6,2,5,6,2,6,6,6,2,1,6,2,3,3,3,6,5,5,6,4,3,2,4,3,3,2,1,1,1,1,1,1,7,2,4,2,7,1,1,1,7,6,7,2,7,5,5,7,6,3,4,6,1,7,5,4,5,6,6,6,5,5,2,6,6,5,6,6,3,6,4,6,6,7,3,6,"2","5","4","3","6","5","5","6","7","7","7","4","6","2","6","4","4","2","4","5","7","4","1","5","0.85","7","8","3",2,"29"
"56",1,12,1012,7,7,1,6,7,5,3,6,4,3,4,7,1,4,6,7,5,3,3,6,3,2,3,1,7,6,5,6,1,2,2,7,1,2,2,1,4,1,2,1,2,3,2,6,2,5,5,6,1,5,7,7,1,7,5,5,5,7,2,2,5,5,7,3,5,5,6,6,6,4,6,5,6,5,6,6,6,5,4,5,6,2,7,1,6,".",".",".",".",".",".",".",".",".",".",".",".",".",".",".",".",".",".",".",".",".",".",".",".",".",".",".",".",1,"24"
"57",0,13,131,7,3,2,6,3,1,6,6,7,7,2,5,1,1,6,5,7,7,3,5,4,4,4,4,5,3,6,6,2,2,1,2,5,6,7,3,1,1,1,1,1,6,1,6,1,5,2,6,1,7,7,7,1,7,1,7,7,7,1,1,7,2,6,1,6,7,7,1,7,7,7,1,7,7,7,7,7,5,7,1,7,7,7,1,7,"2","3","3","3","5","5","6","6","6","5","5","6","6","6","6","4","4","4","4","4","5","5","5","6","0.9","4","5","8",1,"34"
"58",0,13,132,6,6,5,3,3,3,5,4,6,2,2,6,2,5,7,1,3,5,3,6,3,3,3,4,5,5,5,6,5,3,5,3,4,4,3,2,3,3,2,4,5,6,2,3,4,5,5,7,2,6,5,6,2,6,5,6,6,7,3,5,6,6,6,5,5,6,6,5,6,4,7,7,6,6,6,6,5,6,5,2,6,6,6,2,6,"3","4","2","3","6","6","6","7","7","6","6","2","5","5","6","3","3","2","4","3","5","3","3","6","0.9","4","6","9",1,"29"
"59",0,13,133,6,6,6,5,7,2,2,5,5,5,6,2,3,3,6,5,6,6,2,6,3,4,3,3,5,5,5,5,1,1,1,5,6,6,6,5,2,2,3,3,3,1,1,5,1,4,2,6,1,5,5,5,2,7,2,7,4,6,1,6,6,6,7,2,5,4,4,3,5,5,7,5,6,6,6,7,5,5,7,2,5,5,5,2,5,"3","3","3","3","5","6","6","5","6","6","6","5","5","5","6","3","3","3","3","4","6","6","5","6","0.9","4","8","7",1,"30"
"60",0,13,134,5,7,6,5,6,6,7,6,7,6,6,6,5,2,6,6,6,5,6,7,4,3,4,5,5,5,5,5,4,4,4,4,4,4,4,4,3,3,3,3,3,6,2,2,4,4,4,4,4,4,4,4,4,4,4,4,4,4,4,4,4,4,4,4,4,4,4,4,4,4,4,4,4,4,4,4,4,4,4,4,4,4,4,3,4,"1","1","1","2","6","7","6","7","7","7","7","5","5","6","6","4","5","2","3","4","6","6","2","2","0.9","4","5","6",1,"33"
"61",0,13,135,6,6,5,5,6,2,6,6,6,7,5,2,6,2,6,2,7,7,1,7,3,3,3,3,5,5,5,5,1,1,1,5,6,6,7,2,2,3,2,3,3,5,2,5,1,5,2,6,2,6,2,5,1,6,3,5,5,5,2,5,5,2,6,1,6,5,4,2,5,6,5,5,6,6,6,6,7,3,5,2,6,6,5,2,6,"4","3","4","3","5","5","6","5","5","5","5","5","6","5","5","3","3","3","3","3","5","5","5","5","0.9","4","7","8",1,"29"
"62",1,13,1013,6,7,7,5,6,6,6,7,6,7,7,6,6,1,6,2,6,6,2,6,3,4,3,4,6,2,6,5,3,2,2,5,5,2,6,3,3,2,1,4,3,2,2,6,2,5,6,6,2,6,6,6,1,7,5,7,7,3,1,5,5,2,5,1,6,5,5,2,6,6,6,6,6,6,6,6,6,5,6,2,6,5,6,2,6,".",".",".",".",".",".",".",".",".",".",".",".",".",".",".",".",".",".",".",".",".",".",".",".",".",".",".",".",1,"42"
"63",0,14,141,5,5,5,6,5,5,5,6,5,6,2,6,6,1,5,5,6,6,2,6,3,3,3,3,5,5,5,5,1,1,1,1,5,5,5,1,1,1,1,1,1,2,2,5,1,5,2,5,3,6,7,5,1,6,2,7,6,7,1,1,5,1,6,1,7,7,5,5,5,6,7,5,6,6,5,6,6,5,6,1,6,7,6,1,6,"3","3","3","3","6","5","5","4","6","5","5","5","5","5","5","3","3","3","3","4","5","5","5","7","0.93","2","3","16",1,"30"
"64",0,14,142,5,7,7,4,5,4,6,6,4,6,2,6,3,2,5,3,3,7,6,6,4,3,4,3,6,6,6,7,2,2,2,1,5,6,6,6,3,2,2,3,5,7,1,6,1,6,1,6,3,6,6,7,1,6,1,6,7,6,1,1,6,4,6,1,6,6,4,5,6,5,7,5,6,6,6,6,7,1,7,5,6,7,6,1,7,"4","4","3","4","5","6","6","7","5","6","6","4","4","4","6","4","4","3","4","4","5","4","4","5","0.93","2","2","18",2,"26"
"65",0,14,143,5,7,6,7,7,6,2,7,7,2,5,7,7,5,2,4,2,6,6,7,4,5,4,4,7,7,7,7,7,2,2,2,4,4,4,4,6,2,4,5,5,5,2,2,3,6,7,7,1,7,6,6,2,7,7,7,6,6,2,4,6,6,6,2,6,6,6,4,6,6,6,6,6,6,6,6,6,5,6,4,5,6,6,2,4,"3","5","5","4","6","7","7","7","6","7","6","7","7","5","7","4","5","5","5","5","7","7","7","7","0.93","2","1","20",1,"26"
"66",0,14,144,6,6,6,5,6,5,5,6,5,6,5,5,6,2,6,2,6,6,5,6,4,3,3,4,5,5,6,5,1,2,1,5,5,5,6,2,2,2,1,2,2,5,2,6,1,5,5,6,2,6,5,5,1,6,2,6,5,5,2,3,6,3,6,3,6,6,5,2,5,5,7,5,7,6,5,6,2,6,6,2,6,5,6,2,6,"3","3","3","4","6","5","6","6","5","6","5","6","5","6","6","3","3","3","3","4","5","5","5","5","0.93","2","2","21",1,"27"
"67",1,14,1014,1,7,7,7,7,1,7,7,7,7,7,7,7,1,7,7,7,7,1,7,3,3,3,3,5,5,6,6,1,1,1,1,7,7,7,4,1,3,1,1,3,7,1,7,1,7,1,7,1,7,7,7,1,7,1,7,7,7,1,1,7,1,7,1,7,4,4,1,7,1,7,1,7,7,7,7,7,7,7,1,7,1,7,1,1,".",".",".",".",".",".",".",".",".",".",".",".",".",".",".",".",".",".",".",".",".",".",".",".",".",".",".",".",1,"34"
"68",0,15,151,4,7,4,4,7,4,5,6,4,7,3,5,1,1,7,7,4,4,5,6,3,3,3,4,5,3,5,7,1,1,1,1,1,1,4,4,2,4,3,2,4,7,1,7,1,7,1,7,5,7,7,7,1,1,1,7,7,7,1,4,7,7,7,1,5,5,6,7,7,1,6,4,7,7,7,7,7,2,7,1,7,6,7,7,7,"3","3","3","3","5","7","7","7","7","7","7","7","7","3","6","3","3","5","5","5","5","7","5","5","0.88","5","5","15",1,"26"
"69",0,15,152,4,6,5,3,5,4,5,3,3,2,6,4,5,4,5,5,2,3,5,5,3,3,3,3,5,4,4,4,4,2,2,2,2,2,2,2,4,1,1,1,1,4,3,4,4,5,4,6,2,4,4,6,1,7,7,3,6,7,2,2,6,3,4,4,6,6,5,4,4,3,4,4,7,6,6,7,6,1,7,2,5,4,7,3,4,"4","3","4","4","5","7","6","6","6","6","6","4","4","4","3","3","3","3","3","2","4","3","5","3","0.88","5","6","14",1,"23"
"70",0,15,153,3,7,6,1,7,6,2,6,4,2,6,4,7,2,6,1,6,6,6,6,5,4,4,4,6,6,6,7,4,1,1,2,1,1,1,1,1,1,1,1,1,1,1,6,1,6,4,7,6,6,6,7,1,6,1,6,6,6,1,1,6,6,6,1,6,6,4,2,6,6,6,6,6,6,6,6,6,1,6,5,6,6,6,5,6,"4","3","4","3","6","7","7","7","7","7","7","4","2","2","4","4","4","3","5","5","1","2","2","2","0.88","5","4","18",1,"25"
"71",0,15,154,5,3,5,7,2,2,6,6,5,6,3,6,2,2,6,6,5,5,2,6,3,4,3,3,2,6,5,6,5,6,2,7,4,4,5,3,4,4,2,5,5,4,6,6,7,3,4,6,2,6,2,7,2,6,4,6,5,6,3,3,7,3,6,3,6,6,6,3,7,3,7,3,7,6,6,6,5,2,6,2,7,6,6,4,6,"4","3","2","4","7","6","6","6","6","6","6","2","2","1","2","2","3","2","1","3","6","2","5","6","0.88","5","5","16",1,"24"
"72",1,15,1015,3,5,6,2,6,6,2,6,3,5,6,6,5,6,6,3,3,6,5,6,3,3,3,3,5,2,6,4,1,1,1,4,4,5,6,2,3,1,2,2,3,6,2,6,2,5,2,6,2,6,6,6,2,6,5,6,6,6,2,3,5,2,6,2,6,5,5,2,6,5,6,2,5,5,6,6,6,5,6,2,6,6,6,2,4,".",".",".",".",".",".",".",".",".",".",".",".",".",".",".",".",".",".",".",".",".",".",".",".",".",".",".",".",1,"44"
"73",0,16,161,7,6,5,5,3,3,6,7,5,7,5,2,5,1,6,5,6,6,2,5,3,3,4,3,5,5,5,5,2,1,2,5,6,6,6,5,2,2,1,2,2,5,3,5,2,6,5,6,3,5,5,5,3,6,4,5,5,5,3,4,6,4,7,3,5,6,6,2,6,6,6,5,6,6,6,6,6,5,6,3,5,6,5,3,5,"3","3","4","3","5","5","6","6","5","5","5","5","5","5","6","3","3","3","3","3","6","6","6","6","0.94","1","10","28",1,"36"
"74",0,16,162,6,7,4,7,7,4,7,5,6,1,5,6,6,1,5,4,6,6,6,6,2,2,3,3,2,3,5,4,3,4,2,3,2,2,3,2,2,3,3,2,2,3,4,4,4,3,2,4,4,4,3,1,2,2,2,1,1,3,3,2,3,2,2,2,2,3,3,3,2,2,3,4,5,4,2,5,4,3,2,3,4,3,2,2,1,"4","2","4","4","5","4","3","3","4","3","2","3","4","5","3","3","3","2","3","3","5","4","3","4","0.94","1","11","24",1,"26"
"75",0,16,163,3,6,6,5,5,3,5,5,4,3,3,3,5,1,5,2,1,1,5,6,2,4,3,3,5,2,5,2,1,2,3,3,2,3,4,3,3,4,2,2,3,6,1,6,1,6,1,6,2,6,6,7,2,7,2,7,7,7,2,2,7,2,3,2,6,6,6,2,6,2,6,2,2,6,6,3,6,2,6,2,6,6,6,2,6,"3","2","4","2","6","5","5","6","5","5","5","5","5","3","6","2","2","1","4","3","3","2","3","1","0.94","1","6","30",1,"32"
"76",0,16,164,6,6,2,5,6,2,6,7,6,7,7,1,7,1,7,1,7,7,1,6,3,3,3,4,5,5,5,5,2,1,1,4,5,5,5,5,1,1,1,1,1,5,4,5,1,5,5,5,3,6,5,2,1,6,5,6,6,6,2,1,6,1,6,1,6,5,6,1,4,4,6,4,6,6,6,6,1,5,7,1,6,5,6,2,7,"3","3","4","3","5","5","6","6","5","6","5","5","6","6","6","3","4","3","3","3","5","5","6","5","0.94","1","8","30",1,"31"
"77",0,16,165,3,7,5,5,6,2,5,6,6,5,5,6,2,4,5,4,5,6,2,6,3,3,3,3,5,5,5,6,3,2,1,1,5,5,5,3,3,3,2,1,1,2,1,4,5,4,2,6,2,6,6,4,2,6,6,5,4,6,5,5,6,3,6,2,6,5,5,3,5,6,6,6,6,6,6,2,5,5,6,6,6,6,6,6,7,"3","2","3","4","6","6","6","6","6","6","6","6","6","6","6","3","3","3","4","1","6","5","5","6","0.94","1","10","29",2,"27"
"78",1,16,1016,5,6,5,6,6,5,6,6,6,6,5,6,6,2,7,5,6,6,5,6,3,3,3,3,5,2,5,5,1,1,1,1,1,1,5,1,1,1,1,1,1,1,2,7,1,5,2,5,2,6,5,6,2,6,5,5,6,5,2,2,5,2,5,2,5,6,2,2,6,2,5,2,5,5,5,5,2,5,5,2,5,6,6,1,5,".",".",".",".",".",".",".",".",".",".",".",".",".",".",".",".",".",".",".",".",".",".",".",".",".",".",".",".",1,"33"
"79",0,17,171,6,5,2,6,3,2,7,5,5,6,2,6,6,6,6,2,2,5,2,5,4,3,3,3,6,2,6,6,4,6,4,4,2,2,5,5,3,1,1,1,1,2,2,3,2,6,4,6,4,4,5,6,2,6,2,4,6,6,2,2,5,4,5,2,4,4,4,2,2,5,6,3,2,6,5,6,6,4,5,4,5,4,7,4,4,"4","4","3","3","6","5","6","6","7","5","6","5","4","5","4","4","3","3","4","4","6","5","3","6","0.99","0","9","22",1,"34"
"80",0,17,172,6,7,6,5,7,5,5,7,5,7,7,5,7,1,7,1,7,7,1,7,3,3,3,3,5,6,5,6,1,1,1,5,5,5,6,3,3,1,2,3,1,1,1,7,1,5,1,5,2,6,5,6,2,7,1,6,3,6,2,3,5,2,7,2,7,5,6,2,6,6,7,6,7,7,6,5,3,3,6,5,6,6,6,1,6,"3","3","4","4","5","5","6","6","6","5","6","6","6","6","5","3","3","3","4","3","6","5","6","6","0.99","0","8","20",1,"35"
"81",0,17,173,3,6,3,5,6,6,3,3,3,3,4,3,2,4,5,5,4,4,3,4,1,1,2,1,2,2,2,2,1,2,2,2,4,5,5,3,2,2,2,2,3,2,4,5,5,3,5,4,3,3,3,3,5,5,4,3,4,4,5,5,5,5,4,4,3,4,4,4,4,4,2,3,3,4,2,4,4,4,4,4,4,4,4,4,4,"3","4","4","4","4","4","4","4","3","3","4","3","5","5","4","2","3","4","4","3","3","4","4","4","0.99","0","9","18",1,"29"
"82",0,17,174,7,7,5,7,7,2,3,7,7,7,7,5,7,2,6,6,1,7,1,7,3,4,5,5,7,1,7,7,1,1,1,1,5,5,2,1,2,6,3,6,4,1,5,2,1,7,4,7,1,7,7,7,1,6,1,6,6,7,1,1,7,6,5,1,6,6,5,6,6,1,5,2,5,7,7,5,5,2,6,1,6,6,6,1,1,"3","5","2","1","7","7","7","7","7","7","6","1","1","2","2","3","4","5","5","4","1","1","5","1","0.99","0","9","18",1,"39"
"83",1,17,1017,5,7,7,5,7,5,5,7,5,7,7,5,7,2,6,2,6,6,2,6,3,3,3,3,6,6,6,5,2,1,1,5,5,4,5,2,2,1,3,2,2,5,1,6,1,5,2,5,1,1,1,5,3,6,3,6,6,6,2,2,6,5,6,2,6,5,2,2,6,2,6,5,6,6,6,5,6,2,6,2,6,6,6,2,6,".",".",".",".",".",".",".",".",".",".",".",".",".",".",".",".",".",".",".",".",".",".",".",".",".",".",".",".",1,"37"
"84",0,18,181,5,6,2,6,6,3,5,4,4,5,1,3,3,5,6,5,3,3,1,4,3,4,3,1,5,6,6,6,4,4,4,4,4,4,4,4,3,3,3,1,4,3,2,3,5,6,6,5,4,4,4,2,1,3,4,5,4,5,5,6,6,5,3,4,4,5,6,5,5,4,4,3,1,4,4,4,6,4,3,4,2,1,4,5,4,"4","3","3","4","3","6","6","6","6","6","6","6","6","6","6","4","4","3","4","3","6","6","5","5","0.95","2","6","22",1,"31"
"85",0,18,182,5,6,6,5,4,5,5,6,2,5,6,2,6,3,5,5,5,6,2,6,3,4,4,3,5,5,5,6,1,1,1,2,2,2,5,3,1,1,2,2,2,5,3,6,1,4,5,7,3,5,5,5,3,6,4,6,6,5,2,2,6,2,6,2,7,4,5,3,3,3,7,5,6,6,6,6,6,5,6,2,7,5,6,2,6,"3","4","4","3","5","6","5","5","6","5","5","5","6","6","5","3","3","3","4","3","5","5","5","6","0.95","2","7","24",1,"27"
"86",0,18,183,5,7,6,3,4,3,5,3,3,6,2,5,3,2,5,4,2,6,5,6,3,3,3,3,6,7,7,7,2,2,2,1,6,5,6,5,4,1,1,3,3,5,3,6,2,7,1,7,3,6,6,7,1,7,5,7,7,6,2,2,6,2,6,2,5,6,6,2,6,4,7,2,5,6,6,5,6,5,5,5,6,7,6,2,6,"4","3","4","4","6","6","6","6","7","6","7","5","3","4","3","4","4","3","4","3","5","3","3","5","0.95","2","7","21",1,"29"
"87",0,18,184,1,7,2,3,3,2,5,6,6,7,5,2,2,3,5,5,5,3,1,7,3,4,4,4,6,1,6,6,3,1,1,1,3,2,6,2,6,1,1,1,1,2,1,7,1,6,3,6,2,7,6,6,1,7,2,6,7,6,2,2,7,6,7,2,6,6,6,4,7,5,6,6,6,7,7,1,3,2,4,3,6,6,7,2,4,"4","4","3","4","6","6","6","6","7","7","7","5","5","4","3","3","4","4","4","4","6","5","3","1","0.95","2","7","19",2,"28"
"88",1,18,1018,6,7,5,6,5,3,6,6,7,5,6,7,5,2,6,5,5,6,5,6,3,3,3,3,5,3,5,5,2,1,2,4,3,3,6,2,1,1,2,2,1,1,3,6,1,5,2,6,2,6,4,4,2,7,5,6,4,7,1,1,7,6,6,2,6,5,6,2,6,5,7,5,6,7,5,6,3,6,7,2,6,6,6,2,6,".",".",".",".",".",".",".",".",".",".",".",".",".",".",".",".",".",".",".",".",".",".",".",".",".",".",".",".",1,"33"
"89",0,19,191,6,6,6,6,6,6,6,6,6,6,6,6,6,6,6,7,6,6,6,6,3,3,3,3,6,2,6,7,5,2,2,2,2,3,2,2,1,1,1,1,1,7,1,4,1,7,1,7,4,7,4,7,4,7,4,7,7,7,4,2,7,4,7,2,7,7,6,6,7,7,5,2,4,7,7,7,6,1,7,1,7,5,7,4,7,"3","3","3","3","6","6","6","6","6","6","6","3","2","2","6","3","3","1","2","2","2","2","2","2","0.9","4","8","18",1,"28"
"90",0,19,192,6,7,7,6,5,6,6,4,4,2,3,4,4,3,6,5,6,5,6,6,4,5,4,4,7,6,7,7,6,4,3,1,5,6,7,4,5,5,6,5,4,3,1,2,6,7,4,7,7,7,7,7,7,7,7,7,7,7,6,1,6,1,1,3,5,6,6,6,6,7,5,5,6,5,7,7,5,6,5,6,5,5,7,6,6,"4","5","4","5","7","7","7","6","7","6","6","7","6","7","7","5","4","4","3","4","6","6","6","6","0.9","4","8","20",1,"35"
"91",0,19,193,7,7,1,7,7,1,7,7,7,7,7,1,7,1,7,1,7,7,1,7,3,3,3,3,5,5,6,5,1,1,1,1,5,5,5,1,1,1,1,1,1,5,1,6,2,7,1,6,1,6,1,5,1,6,1,6,6,6,1,1,5,1,6,1,7,6,2,1,2,1,6,1,6,6,6,1,6,6,6,1,1,6,1,1,5,"3","3","3","3","6","6","6","6","6","6","6","5","5","2","5","3","3","3","3","3","5","2","6","7","0.9","4","7","22",1,"27"
"92",0,19,194,2,6,6,5,6,3,5,4,5,6,2,5,2,3,2,3,2,2,2,6,4,3,4,4,7,7,7,7,2,1,1,5,6,6,6,5,4,1,1,2,2,6,6,6,5,6,6,7,5,6,6,6,2,7,5,7,6,7,2,7,7,5,7,6,7,6,6,5,6,7,7,3,7,6,6,5,6,5,5,5,7,7,7,5,7,"4","4","4","5","6","5","6","6","6","6","6","3","3","3","5","3","4","4","4","5","5","2","5","5","0.9","4","6","19",2,"28"
"93",1,19,1019,6,6,2,6,6,2,6,6,6,6,6,6,6,2,6,6,6,6,2,6,3,3,3,4,6,5,5,5,1,1,1,6,5,5,6,1,2,2,3,2,1,1,1,7,1,5,7,5,1,6,5,5,1,6,1,6,4,6,1,1,6,6,6,1,6,5,5,1,7,1,4,6,7,7,7,7,1,1,7,1,5,2,6,2,2,".",".",".",".",".",".",".",".",".",".",".",".",".",".",".",".",".",".",".",".",".",".",".",".",".",".",".",".",1,"37"
"94",0,20,201,5,6,6,5,4,3,5,6,4,6,3,6,1,2,5,3,2,6,6,6,4,3,3,4,7,6,5,6,2,2,1,1,6,6,6,5,2,2,1,4,4,5,2,6,2,6,3,6,3,6,5,6,1,6,5,6,6,6,2,2,5,2,6,3,6,5,4,5,6,6,5,4,6,5,6,6,5,4,6,5,5,4,6,2,5,"4","3","4","4","6","6","5","6","6","6","6","3","3","4","6","4","4","4","4","4","5","5","3","4","0.95","1","12","27",1,"34"
"95",0,20,202,1,6,2,6,3,3,7,3,2,3,2,7,4,5,4,3,2,2,2,6,3,3,3,3,7,2,6,5,2,1,1,1,5,4,2,1,4,2,1,1,2,5,3,6,2,4,2,6,5,6,6,7,3,7,5,6,6,6,2,5,6,5,7,1,7,6,5,2,3,5,6,1,7,6,5,4,7,1,7,2,6,2,7,5,1,"3","4","4","4","6","6","5","6","6","6","6","4","3","5","5","4","4","5","4","4","5","2","2","2","0.95","1","13","25",2,"29"
"96",0,20,203,5,4,2,6,2,1,4,3,4,4,5,5,1,3,7,5,5,5,2,5,2,3,3,4,4,5,4,6,4,3,5,4,4,5,4,4,2,3,3,4,4,3,5,6,7,5,4,2,4,4,3,2,1,4,4,5,4,4,4,4,4,4,4,5,4,4,4,4,4,3,5,5,4,6,4,3,5,3,4,4,4,5,3,4,3,"2","3","4","4","3","3","6","6","5","3","3","2","3","5","4","2","3","3","4","4","4","4","4","5","0.95","1","12","23",1,"25"
"97",0,20,204,5,7,5,5,7,5,5,7,7,7,5,1,6,1,6,5,6,7,3,6,4,4,3,2,5,5,5,6,2,2,2,4,4,5,6,5,1,2,2,2,2,2,2,6,3,5,3,6,2,5,5,2,1,6,5,5,6,7,1,1,6,1,6,1,6,5,5,2,6,5,7,5,6,6,5,5,6,1,5,3,6,6,7,2,5,"3","4","3","4","5","6","5","6","5","6","6","5","6","5","5","4","3","3","3","3","5","6","6","5","0.95","1","15","24",1,"33"
"98",1,20,1020,1,7,7,1,7,7,1,7,1,7,7,7,7,5,7,1,1,7,5,6,3,3,3,3,5,3,4,4,2,2,2,2,2,5,6,5,1,2,2,3,3,5,2,5,1,5,1,5,1,5,5,5,2,6,2,6,2,1,2,2,5,5,6,2,5,4,3,2,6,2,5,5,6,6,5,5,7,2,6,2,6,6,6,3,5,".",".",".",".",".",".",".",".",".",".",".",".",".",".",".",".",".",".",".",".",".",".",".",".",".",".",".",".",1,"32"
"99",0,21,211,6,6,5,7,1,5,7,5,6,7,2,6,5,6,6,5,6,5,5,5,3,3,4,3,6,6,6,7,3,3,2,5,3,6,7,2,3,3,2,4,4,5,3,5,4,6,6,7,2,6,7,7,2,3,2,6,7,5,2,2,7,3,6,2,7,6,6,2,6,4,6,6,7,6,7,7,5,3,6,2,7,7,6,3,6,"3","4","3","4","6","6","7","7","7","6","6","5","5","6","4","5","5","3","5","5","5","5","7","6","0.99","1","8","24",1,"28"
"100",0,21,212,3,4,3,3,6,4,4,6,6,5,7,6,6,6,6,6,6,6,5,6,4,4,5,4,5,5,6,4,4,4,4,4,4,4,4,4,4,1,1,1,1,4,4,4,3,4,4,4,4,4,4,4,4,4,4,4,4,5,4,4,4,4,4,3,3,4,4,4,4,4,5,4,4,4,6,5,5,4,5,4,6,5,6,3,5,"3","4","4","4","6","6","6","6","6","6","6","4","4","4","4","3","2","4","4","4","6","5","5","5","0.99","1","6","22",1,"27"
"101",0,21,213,5,7,6,5,7,6,6,7,7,7,7,5,7,7,7,7,6,4,7,7,1,3,2,4,3,3,5,1,3,3,2,4,7,7,7,7,3,4,4,4,1,3,3,4,5,7,7,7,7,7,6,6,5,4,3,4,5,5,6,5,5,6,5,7,6,4,6,5,5,6,6,6,6,5,5,7,4,5,7,7,7,7,6,6,6,"5","4","5","1","7","7","6","6","6","7","7","7","6","6","6","3","4","4","1","2","6","6","6","6","0.99","1","3","24",1,"29"
"102",0,21,214,4,6,4,5,6,3,2,4,4,4,6,7,4,3,4,6,3,4,3,6,4,3,4,3,6,6,6,5,4,4,4,4,2,4,5,3,5,1,1,4,1,5,3,6,4,6,4,7,2,6,7,7,4,7,5,4,7,7,2,5,6,5,5,5,6,6,6,5,7,5,7,5,6,7,7,5,6,5,5,2,6,7,7,2,7,"3","4","4","4","6","6","6","7","7","6","6","4","5","6","6","3","4","3","4","5","5","4","3","3","0.99","1","8","23",1,"22"
"103",0,21,215,6,6,2,4,3,3,5,6,4,6,3,6,5,2,6,4,2,6,6,6,3,3,3,4,6,6,7,7,2,2,1,1,6,6,7,6,2,1,1,4,3,5,2,6,2,6,3,6,2,6,5,6,1,6,3,6,6,6,2,2,6,4,6,2,6,6,5,4,6,5,6,5,6,6,6,5,7,2,6,5,6,7,6,1,7,"4","4","3","4","6","6","6","5","5","6","6","4","4","3","6","4","4","4","5","4","5","4","3","3","0.99","1","9","22",1,"29"
"104",1,21,1021,6,5,3,5,5,3,6,6,6,5,5,6,6,2,6,5,6,7,3,7,3,3,3,4,5,2,5,5,2,2,2,5,2,5,6,4,3,3,4,3,4,2,2,6,2,6,6,6,2,6,6,5,2,5,5,5,6,5,2,5,6,1,6,2,6,6,6,2,6,2,6,2,6,6,6,6,2,5,6,2,5,3,6,2,2,".",".",".",".",".",".",".",".",".",".",".",".",".",".",".",".",".",".",".",".",".",".",".",".",".",".",".",".",1,"42"
"105",0,22,221,7,7,1,7,7,7,1,7,7,7,7,7,7,1,7,1,7,7,1,7,4,4,3,3,6,5,5,5,1,1,1,5,5,5,6,2,2,2,2,1,1,2,2,6,2,5,2,6,5,7,7,6,1,6,2,7,6,6,2,2,7,1,7,1,7,5,5,1,6,4,7,6,7,7,7,7,7,5,7,1,7,5,7,1,7,"3","3","4","4","6","7","7","5","6","7","7","6","6","6","6","4","4","3","4","3","6","6","6","5","0.8","9","8","8",2,"31"
"106",0,22,222,6,6,5,2,3,2,5,6,5,6,2,6,2,2,5,2,2,6,5,6,3,3,4,4,7,6,7,6,2,2,2,2,5,6,6,5,2,2,1,5,4,6,2,6,1,6,2,6,3,6,6,7,1,6,3,6,7,6,2,1,6,4,6,2,6,7,5,4,6,5,7,2,6,6,7,6,7,3,6,2,6,7,6,1,6,"4","3","4","3","6","6","6","6","6","6","6","2","2","3","6","4","4","4","3","2","5","5","5","5","0.8","9","7","7",1,"31"
"107",0,22,223,4,3,5,5,6,4,3,2,3,3,3,4,7,5,5,6,4,5,6,2,3,2,1,5,3,2,4,5,3,3,1,3,1,3,3,3,4,2,2,4,3,4,3,4,2,6,2,2,2,2,3,7,6,6,5,4,2,2,1,3,3,1,3,2,1,6,5,5,6,3,2,2,5,4,2,3,2,1,3,2,2,2,4,6,2,"4","4","4","3","4","5","3","2","3","2","7","5","4","3","1","3","1","4","2","3","3","2","6","5","0.8","9","5","9",2,"30"
"108",0,22,224,6,7,2,2,2,2,6,4,5,6,2,2,1,4,2,2,2,3,2,4,3,3,3,2,6,2,2,3,4,2,2,1,5,5,5,3,3,1,1,1,1,6,5,3,1,6,2,6,6,6,6,6,5,6,5,6,6,3,5,5,6,3,7,2,6,7,5,5,6,5,6,5,6,6,5,3,6,5,5,3,6,6,6,3,5,"2","3","4","3","6","6","4","4","6","6","6","6","5","6","6","3","2","2","3","3","5","4","6","5","0.8","9","6","7",2,"26"
"109",0,22,225,5,6,3,3,6,6,2,6,5,5,3,5,2,3,6,3,2,3,3,6,3,3,3,3,5,3,5,5,3,3,3,3,5,3,3,3,4,3,3,3,4,3,3,5,3,5,5,5,5,5,5,5,3,6,3,6,6,6,5,3,6,6,6,5,6,6,5,3,5,5,5,4,5,5,5,5,5,3,5,3,3,5,5,3,5,"2","2","3","4","6","6","5","5","6","5","6","5","3","3","3","4","4","4","4","4","5","2","3","3","0.8","9","9","10",1,"21"
"110",1,22,1022,2,6,6,2,6,6,5,6,2,6,6,2,6,3,6,2,6,6,6,6,3,4,3,3,6,5,5,5,1,1,1,5,5,5,5,1,1,1,1,1,1,5,4,7,3,5,3,5,2,6,5,5,1,6,2,5,6,4,2,2,4,2,6,2,5,1,4,3,5,5,6,5,6,6,6,5,6,2,5,2,5,5,6,3,4,".",".",".",".",".",".",".",".",".",".",".",".",".",".",".",".",".",".",".",".",".",".",".",".",".",".",".",".",1,"36"
"111",0,23,231,6,7,3,5,7,3,5,6,6,7,5,5,6,2,6,2,6,2,2,6,3,3,3,3,6,2,6,6,1,1,1,5,5,5,6,1,1,1,1,2,1,5,3,7,1,6,2,6,1,6,5,6,2,6,3,6,5,7,1,1,5,1,7,1,5,6,5,3,6,2,5,2,6,6,6,5,7,2,6,1,6,6,6,2,6,"3","3","4","3","5","6","6","6","6","6","6","6","6","6","6","3","4","4","3","3","6","2","6","6","0.9","6","6","7",1,"38"
"112",0,23,232,3,1,1,1,1,1,1,1,1,1,1,1,1,1,1,1,1,1,1,1,1,1,1,1,1,1,1,1,1,1,1,1,1,1,1,1,1,1,1,1,1,1,1,1,1,1,1,1,1,1,1,1,1,1,1,1,1,1,1,1,1,1,1,1,1,1,1,1,1,1,1,1,1,1,1,1,1,1,1,1,1,1,1,1,1,"1","1","1","1","1","1","1","1","1","1","1","1","1","1","1","1","1","1","1","1","1","1","1","1","0.9","6","6","6",1,"25"
"113",0,23,233,6,6,6,3,4,4,5,5,3,6,2,6,2,2,5,2,2,6,5,6,4,4,4,4,6,7,6,7,2,2,2,2,5,6,5,6,2,2,1,4,4,6,2,6,1,7,2,6,5,7,6,7,1,6,2,6,7,6,2,1,7,5,6,2,6,7,6,4,6,5,7,3,5,6,6,6,6,3,6,2,6,7,6,2,7,"4","3","4","4","6","7","6","6","7","6","7","2","5","4","6","3","4","4","5","4","5","5","3","5","0.9","6","6","8",1,"27"
"114",0,23,234,6,6,6,2,3,2,5,6,5,6,2,6,2,1,6,2,2,6,6,6,3,4,4,4,6,6,7,7,1,1,1,2,5,6,6,5,3,1,2,4,5,6,2,6,1,7,2,7,3,6,6,7,1,6,2,6,7,6,2,2,7,4,6,4,6,6,5,4,6,5,6,5,7,6,6,6,5,5,7,5,6,6,7,2,6,"4","4","4","4","6","6","6","7","6","7","6","3","4","3","7","4","4","4","4","5","5","6","2","5","0.9","6","4","9",2,"26"
"115",0,23,235,5,6,5,3,5,4,5,5,3,6,3,5,2,2,5,4,2,6,5,6,3,4,3,3,6,6,6,7,2,2,2,2,5,5,5,5,3,2,1,4,3,6,2,6,2,6,2,6,4,5,6,6,1,7,2,6,6,6,2,1,6,1,6,1,6,6,4,4,6,5,7,4,5,5,6,5,6,3,6,2,6,7,6,2,6,"4","4","4","4","6","6","6","7","7","7","6","3","2","4","6","4","4","4","5","4","5","5","2","5","0.9","6","6","8",1,"29"
"116",1,23,1023,1,7,6,1,7,6,1,7,1,4,7,1,4,1,1,1,1,7,7,7,3,3,3,2,5,3,5,5,2,1,1,4,4,5,5,5,1,1,1,1,1,1,3,6,1,6,7,6,2,6,2,4,1,6,5,6,6,6,1,6,6,2,6,2,6,5,5,1,7,1,7,1,5,6,6,6,6,1,6,1,6,5,7,3,5,".",".",".",".",".",".",".",".",".",".",".",".",".",".",".",".",".",".",".",".",".",".",".",".",".",".",".",".",2,"37"
"117",0,24,241,5,6,6,5,5,5,5,6,5,5,5,6,3,3,3,5,5,4,5,5,4,4,4,4,6,6,6,6,5,4,4,3,3,3,3,3,3,3,3,3,3,5,3,6,3,7,4,6,5,6,7,7,2,6,3,6,7,6,2,3,6,4,6,4,5,6,4,4,6,6,6,3,6,7,6,6,6,2,6,2,7,6,6,2,4,"4","5","4","3","6","6","6","6","6","6","6","6","4","3","6","4","4","4","4","4","6","3","3","3","0.95","3","12","15",1,"27"
"118",0,24,242,6,7,7,7,7,2,6,6,5,5,6,2,6,2,6,2,6,6,1,7,3,3,3,3,5,5,5,4,1,2,2,5,5,6,6,5,1,1,3,2,2,6,2,7,3,5,2,6,1,5,5,6,2,7,1,5,5,7,1,2,5,2,6,1,7,5,5,2,5,6,7,5,7,7,5,6,7,3,6,2,6,7,6,2,6,"4","5","5","4","5","6","6","6","5","5","6","5","6","5","5","4","3","3","4","3","5","3","5","5","0.95","3","12","13",1,"29"
"119",0,24,243,2,6,2,5,3,2,5,6,6,5,2,5,5,5,5,5,5,3,2,6,3,3,3,3,6,2,6,6,5,6,2,2,5,2,5,2,1,1,1,1,1,2,2,6,1,6,6,6,2,6,6,6,2,7,2,6,6,6,2,2,7,5,6,2,6,6,7,4,6,2,6,2,6,7,7,5,7,2,6,2,6,6,6,2,6,"5","3","3","4","5","5","5","6","6","6","6","5","5","6","5","4","4","4","4","4","5","5","6","2","0.95","3","11","12",1,"33"
"120",0,24,244,5,5,5,2,4,2,5,5,3,6,4,4,4,5,5,5,4,5,5,2,2,3,4,4,3,5,4,6,3,4,5,4,5,4,4,5,3,5,4,5,4,5,5,5,5,6,5,5,5,4,5,6,5,4,5,4,5,5,5,6,5,5,5,5,5,4,5,4,3,5,5,5,5,5,5,5,5,5,6,5,6,4,5,4,3,"2","3","3","2","6","5","3","4","4","5","5","4","5","5","6","3","3","3","3","4","4","5","5","5","0.95","3","11","10",1,"25"
"121",0,24,245,5,6,6,5,4,2,5,5,3,6,3,6,5,5,6,5,3,6,6,6,3,4,4,3,6,7,7,7,2,2,1,1,5,5,5,6,2,1,1,5,5,7,3,5,1,6,5,6,3,6,6,7,1,6,5,6,7,6,2,5,6,5,6,3,5,6,5,4,6,5,7,5,6,6,6,6,7,3,6,7,6,7,7,1,7,"4","4","3","5","6","6","5","6","5","6","6","5","3","3","6","4","5","4","5","5","5","5","2","2","0.95","3","9","12",1,"29"
"122",1,24,1024,2,6,3,5,6,3,5,6,5,5,6,5,5,5,5,5,6,5,4,6,3,3,4,3,6,5,6,6,2,3,3,4,5,6,6,4,2,3,2,4,4,5,2,6,2,5,2,6,2,6,5,6,2,6,2,6,5,5,2,2,6,2,5,2,6,2,2,2,2,6,6,5,6,5,6,5,5,5,6,2,5,5,6,2,4,".",".",".",".",".",".",".",".",".",".",".",".",".",".",".",".",".",".",".",".",".",".",".",".",".",".",".",".",2,"34"
"123",0,25,251,2,5,4,4,3,2,7,5,5,3,3,5,3,5,5,4,3,3,3,5,3,3,4,3,5,5,5,5,3,3,5,5,5,5,5,6,3,4,4,4,3,5,3,5,3,5,2,6,2,6,6,6,1,6,2,6,6,6,2,2,6,6,4,1,5,7,7,2,6,5,6,6,6,6,6,6,7,3,5,2,5,6,6,3,6,"4","3","4","4","5","7","6","6","6","6","6","5","4","3","3","3","4","3","4","4","5","5","5","5","0.99","2","9","8",1,"32"
"124",0,25,252,5,5,5,5,4,4,3,2,5,5,5,6,3,3,3,1,5,7,4,7,3,3,3,3,1,1,1,1,4,1,1,1,4,2,3,1,2,1,1,1,1,3,3,6,3,6,6,6,3,5,6,6,3,6,5,6,5,2,3,6,6,6,3,3,5,6,4,4,7,6,6,6,6,6,5,6,3,4,6,4,5,2,5,6,7,"1","1","2","1","6","5","5","7","6","6","6","6","7","4","5","1","1","2","1","1","7","7","7","7","0.99","2","6","10",1,"26"
"125",0,25,253,1,2,1,1,1,1,1,1,2,4,5,5,2,2,5,2,2,2,2,1,2,2,2,2,2,3,4,3,2,2,3,3,3,4,4,3,2,3,3,3,3,2,3,3,2,4,4,4,5,5,5,5,4,4,4,5,4,4,3,4,4,3,3,3,5,5,5,3,2,3,4,4,4,5,3,2,2,5,5,4,4,3,2,3,4,"1","3","2","3","3","4","4","4","3","3","2","3","4","4","5","3","3","3","2","3","3","3","3","4","0.99","2","7","9",2,"30"
"126",0,25,254,1,2,2,5,2,3,7,7,5,6,3,7,2,6,2,2,2,6,2,3,2,2,2,2,2,6,3,1,2,2,2,2,2,2,2,2,1,1,1,1,1,6,2,5,2,2,4,3,1,3,2,2,1,5,2,2,3,2,2,5,2,3,2,2,2,2,2,2,2,3,2,2,2,2,5,2,2,2,2,5,4,3,3,4,3,"2","2","4","4","2","2","5","5","4","5","4","2","2","2","5","2","2","2","2","2","6","6","6","6","0.99","2","4","10",1,"25"
"127",0,25,255,6,7,6,5,6,7,5,7,6,3,6,5,2,3,6,5,3,5,4,5,3,3,2,2,4,5,5,5,2,2,1,2,5,5,4,3,2,2,1,1,1,5,3,6,3,4,5,7,3,5,5,6,1,6,6,6,6,7,4,5,6,6,7,2,2,5,6,4,5,6,6,3,7,6,7,7,7,1,6,3,6,6,6,3,4,"4","4","4","4","7","6","6","6","6","6","7","5","3","4","5","4","4","4","4","4","6","4","3","4","0.99","2","5","10",1,"24"
"128",1,25,1025,2,7,7,1,7,7,1,7,1,7,7,1,7,7,5,1,1,7,7,7,4,3,3,3,5,4,5,5,2,2,2,2,5,5,7,2,1,1,1,1,1,1,1,7,1,7,7,7,1,7,7,7,1,7,1,7,7,7,1,1,7,1,7,1,7,7,1,1,1,1,7,1,7,1,7,7,7,1,7,1,7,5,7,1,5,".",".",".",".",".",".",".",".",".",".",".",".",".",".",".",".",".",".",".",".",".",".",".",".",".",".",".",".",1,"49"
"129",0,26,261,6,6,6,6,7,6,6,6,1,7,5,5,5,2,6,1,6,6,6,6,3,3,3,3,5,5,6,6,1,1,1,1,5,5,5,5,1,1,1,1,1,6,1,7,1,6,1,6,2,3,7,7,5,7,5,7,7,7,1,1,7,1,7,5,5,6,6,1,7,1,7,1,7,7,7,7,7,1,7,1,7,7,7,1,7,"3","3","3","3","6","7","7","6","6","6","6","6","6","6","6","3","3","4","4","3","6","6","7","5","0.92","4","4","8",1,"27"
"130",0,26,262,6,7,6,6,6,6,5,5,6,5,2,2,2,4,7,6,6,2,6,6,3,3,4,4,2,5,5,2,4,2,2,4,2,2,2,2,1,1,1,1,1,5,1,6,2,7,6,7,2,2,6,6,1,7,1,2,6,7,2,5,6,2,6,2,6,5,5,5,6,2,5,3,6,5,6,7,6,2,6,2,2,6,7,1,5,"3","2","4","1","3","6","2","5","6","6","4","6","5","2","4","3","3","3","4","3","4","4","6","3","0.92","4","3","7",2,"27"
"131",0,26,263,6,6,6,2,3,3,4,6,4,5,3,5,3,2,5,3,3,5,6,5,3,5,3,3,6,5,7,6,2,2,2,2,6,5,6,5,2,2,1,4,4,5,2,6,2,6,2,6,3,6,7,6,2,6,3,6,6,6,2,1,6,3,6,4,5,5,4,3,6,4,5,2,6,6,5,6,5,5,6,3,6,4,6,2,5,"3","4","4","5","5","6","6","6","6","6","7","4","2","1","6","3","5","4","5","4","4","5","2","5","0.92","4","2","8",1,"25"
"132",0,26,264,5,7,3,5,7,5,5,6,5,2,6,3,5,3,3,2,2,3,4,3,3,4,3,3,6,6,6,6,5,2,2,2,2,2,5,2,4,1,1,1,1,6,5,5,5,6,2,7,5,6,6,6,1,6,5,7,7,7,2,6,6,2,7,2,3,6,2,2,6,4,6,2,6,6,2,3,6,3,3,6,5,5,7,2,6,"3","4","4","4","6","7","5","7","6","6","6","4","2","4","6","4","3","3","5","3","5","4","5","2","0.92","4","4","5",2,"28"
"133",0,26,265,6,6,6,5,5,3,5,6,2,6,6,2,5,2,5,2,5,6,2,7,3,4,4,3,5,6,5,5,1,1,1,4,5,5,5,4,2,1,2,2,1,7,4,6,1,5,1,7,5,5,6,7,5,6,3,3,7,5,2,5,6,2,7,2,6,4,4,2,7,7,7,2,5,6,5,5,7,5,6,2,5,5,6,2,5,"3","3","4","3","5","5","5","6","5","6","6","6","6","6","5","3","3","3","4","3","6","6","6","6","0.92","4","3","6",2,"28"
"134",1,26,1026,6,5,3,6,5,3,6,6,6,6,7,6,5,2,6,6,6,7,2,6,3,2,3,3,5,6,5,5,1,1,1,4,4,3,3,2,1,1,1,1,1,1,1,7,1,7,7,7,5,7,7,7,1,7,5,7,7,7,1,5,7,5,7,5,7,7,1,1,7,5,7,5,7,7,7,7,5,1,7,1,7,7,7,1,7,".",".",".",".",".",".",".",".",".",".",".",".",".",".",".",".",".",".",".",".",".",".",".",".",".",".",".",".",1,"36"
"135",0,27,271,5,6,4,6,5,4,4,5,5,5,5,4,4,4,4,4,2,4,5,5,3,3,3,3,4,4,4,4,4,4,4,4,4,4,4,4,4,4,4,4,4,3,4,4,4,4,3,4,4,4,4,4,4,4,4,4,4,4,4,4,4,4,4,4,4,4,4,4,4,5,4,4,4,4,4,4,4,4,4,4,4,4,4,4,4,"4","4","3","3","4","4","4","4","4","4","4","4","4","4","4","3","3","3","3","3","4","4","4","4","0.92","1","6","18",1,"34"
"136",0,27,272,4,1,1,6,2,1,6,2,6,6,2,6,6,5,7,5,6,2,4,1,1,2,2,3,3,4,3,6,2,3,5,7,5,6,4,2,1,4,2,2,5,1,3,5,3,6,7,4,1,3,5,6,3,2,1,5,6,3,1,2,3,4,2,2,3,6,6,7,6,7,3,5,6,5,6,7,4,6,7,3,7,3,5,7,6,"1","1","2","2","3","4","4","4","5","4","5","5","5","2","2","2","4","1","4","3","2","2","2","3","0.92","1","8","20",1,"26"
"137",0,27,273,6,6,6,6,6,2,2,6,6,7,6,1,6,2,6,2,5,6,2,6,3,4,3,3,5,6,5,5,1,1,1,4,5,5,6,3,1,1,1,1,1,6,4,5,1,6,2,6,1,6,6,6,1,7,3,6,7,6,2,2,6,2,7,1,7,6,5,2,6,6,7,2,6,6,2,6,7,2,7,6,7,5,6,2,5,"3","3","4","3","6","5","6","6","6","5","5","6","6","6","5","4","3","3","3","4","5","5","5","5","0.92","1","7","19",1,"28"
"138",0,27,274,6,7,5,6,5,6,6,6,2,5,6,5,6,1,5,2,6,6,2,6,3,3,3,3,5,5,6,6,1,1,1,3,5,4,6,5,2,2,1,1,3,5,1,5,1,6,2,6,5,6,5,6,2,6,5,6,6,7,1,5,6,1,6,1,5,5,4,4,5,5,7,5,5,6,6,5,6,2,6,6,6,4,5,2,4,"3","3","3","3","5","5","6","6","6","5","5","6","6","6","5","3","3","4","4","3","6","6","6","5","0.92","1","8","16",1,"27"
"139",0,27,275,6,7,5,3,7,2,3,6,5,2,3,7,6,7,5,1,5,3,2,3,2,5,4,5,4,6,5,5,2,5,5,5,5,4,3,5,2,3,3,4,3,2,1,4,4,7,3,4,6,5,5,3,2,6,6,7,3,3,5,5,7,5,5,7,6,6,5,2,5,3,5,5,5,5,5,3,3,3,1,3,6,5,6,6,2,"1","2","3","3","5","6","2","3","5","6","4","2","3","4","2","2","3","3","3","3","5","4","3","4","0.92","1","8","17",1,"26"
"140",1,27,1027,5,6,5,5,6,5,5,6,5,6,6,6,6,4,6,6,6,7,6,7,3,3,3,3,5,6,6,5,1,1,1,5,3,5,6,3,1,1,2,3,3,5,1,7,1,5,1,6,1,6,6,3,2,6,4,5,5,6,2,4,5,4,6,4,6,6,2,2,2,2,6,5,5,6,5,6,5,5,6,2,5,5,7,1,3,".",".",".",".",".",".",".",".",".",".",".",".",".",".",".",".",".",".",".",".",".",".",".",".",".",".",".",".",1,"32"
"141",0,28,281,3,5,5,5,3,5,6,5,5,6,6,6,2,2,6,6,6,6,2,5,3,4,4,3,5,6,6,6,6,6,6,6,6,6,6,6,2,4,4,5,5,6,6,6,6,6,5,6,6,6,6,6,6,6,7,6,6,6,6,6,5,3,3,3,7,4,4,4,5,6,6,6,6,6,6,6,6,6,6,6,6,6,7,6,6,"3","3","4","3","6","5","6","6","5","5","5","5","6","6","6","3","3","4","3","4","7","6","5","2","0.99","1","12","14",1,"34"
"142",0,28,282,5,7,6,3,4,4,6,6,7,1,7,4,5,3,3,4,5,5,6,4,3,3,3,2,6,2,6,5,2,2,2,5,5,5,6,5,1,1,1,1,1,5,2,6,2,6,2,6,6,6,6,6,2,6,5,6,5,6,2,2,6,2,6,5,6,5,4,4,2,2,5,5,6,6,6,6,6,2,6,2,6,6,6,2,5,"3","3","2","4","5","5","5","5","5","5","5","4","4","5","5","3","3","3","3","3","3","4","4","4","0.99","1","12","13",1,"29"
"143",0,28,283,4,4,4,4,4,4,4,4,4,4,4,4,4,4,4,4,4,4,4,4,3,3,3,1,3,4,3,4,3,3,4,6,6,5,7,5,3,2,3,4,4,5,4,3,1,4,4,4,3,3,3,3,3,4,4,4,4,4,5,5,3,4,4,4,4,3,2,4,3,2,6,5,4,3,4,4,3,5,5,3,3,3,4,2,5,"3","3","3","3","4","4","4","4","4","4","4","4","4","4","4","4","4","4","3","3","4","4","2","1","0.99","1","11","15",1,"30"
"144",0,28,284,3,6,1,2,3,3,3,4,1,4,4,4,4,4,2,4,4,4,2,5,3,3,3,3,4,5,5,4,4,2,2,4,3,2,3,1,1,1,1,1,1,2,1,6,2,5,6,6,2,5,5,4,1,6,6,7,4,7,2,6,5,7,6,3,4,5,5,6,4,6,5,6,6,6,5,3,3,4,3,3,5,6,6,3,6,"1","1","2","2","5","7","6","4","6","6","7","5","4","1","6","3","2","2","3","3","5","6","6","6","0.99","1","10","16",2,"26"
"145",0,28,285,1,7,7,1,7,7,1,7,7,7,7,1,7,1,7,1,7,7,7,7,4,4,3,3,6,5,6,6,1,1,1,6,6,6,7,2,1,1,1,1,1,5,2,7,1,5,1,6,2,6,5,5,2,7,1,5,5,7,1,1,6,1,7,2,6,6,5,3,5,5,5,1,6,7,7,7,7,5,5,1,5,6,6,1,5,"4","5","5","4","6","6","7","6","6","6","7","6","6","5","6","4","4","3","4","4","6","6","6","5","0.99","1","8","13",1,"31"
"146",1,28,1028,6,5,5,6,6,6,6,5,6,5,6,6,5,2,6,5,5,6,2,6,3,4,4,4,5,2,6,6,3,3,2,4,5,5,5,2,2,3,1,3,1,1,1,6,1,5,6,6,2,5,1,1,1,7,6,7,5,7,1,1,6,6,7,2,6,5,6,1,5,1,5,5,6,6,5,6,2,3,6,2,6,3,6,2,2,".",".",".",".",".",".",".",".",".",".",".",".",".",".",".",".",".",".",".",".",".",".",".",".",".",".",".",".",1,"47"
"147",0,29,291,6,4,1,6,2,3,3,6,2,4,3,4,5,5,4,4,4,3,2,5,3,3,4,4,5,5,6,5,3,2,2,4,3,3,3,1,1,1,1,1,2,5,3,5,2,6,3,6,3,5,6,6,1,7,5,7,6,6,2,2,5,2,2,3,5,5,6,5,4,6,6,3,6,6,6,3,5,3,2,3,6,6,6,2,6,"1","2","4","2","5","6","4","6","6","6","6","3","3","2","5","3","3","4","4","3","3","3","4","4","0.95","0","8","8",2,"27"
"148",0,29,292,2,6,6,2,6,6,2,6,2,2,6,2,6,2,6,2,6,6,2,6,4,4,3,3,5,5,6,6,2,2,2,6,5,5,5,3,2,3,2,3,3,1,2,6,2,5,5,6,3,6,5,3,1,6,4,5,5,5,2,2,6,6,6,3,6,4,5,2,5,6,6,5,6,6,5,5,5,5,6,2,6,5,5,5,6,"4","3","4","4","6","6","5","6","5","5","6","5","5","6","6","3","4","4","4","3","6","6","5","5","0.95","0","6","7",1,"28"
"149",0,29,293,6,7,4,2,2,2,6,7,2,6,1,6,1,2,5,2,6,6,2,6,4,4,4,5,6,2,4,5,2,1,1,3,6,6,7,2,2,1,1,1,1,5,1,6,1,6,6,7,5,6,7,4,1,6,6,6,7,7,4,5,7,5,7,6,7,7,6,3,7,6,6,6,6,7,6,4,2,6,5,6,7,6,7,3,6,"3","2","4","4","6","6","5","7","6","6","5","6","6","2","6","4","4","4","3","5","6","2","2","2","0.95","0","9","10",1,"26"
"150",0,29,294,5,4,3,5,3,4,3,3,3,4,1,5,5,6,7,7,4,2,1,4,4,5,4,4,6,7,7,7,4,1,3,4,6,6,6,5,1,2,2,3,1,6,5,6,3,6,3,4,5,5,6,7,4,7,5,7,7,3,4,3,7,1,2,3,7,7,7,7,6,5,4,1,4,7,6,4,7,5,6,1,7,4,5,1,4,"5","4","4","5","6","7","7","7","6","7","7","2","2","1","2","4","4","5","5","4","5","6","7","6","0.95","0","8","9",2,"32"
"151",0,29,295,3,4,5,4,5,4,5,5,3,5,5,4,3,5,6,4,5,1,4,4,2,1,1,3,3,4,4,5,3,7,6,5,5,4,4,5,1,1,4,5,5,2,5,6,6,4,4,5,5,6,5,5,5,6,6,6,5,4,3,3,3,4,5,5,4,3,3,4,4,2,2,4,3,3,4,5,6,5,6,3,3,3,4,4,4,"2","4","3","4","4","5","5","4","5","5","5","3","3","4","4","1","4","3","3","3","2","4","5","5","0.95","0","10","7",1,"31"
"152",1,29,1029,3,7,6,4,6,6,2,6,3,6,6,5,5,2,6,5,5,7,5,7,4,3,3,3,5,5,5,5,3,2,2,3,5,5,6,2,3,3,4,3,3,6,2,6,2,6,2,6,5,6,6,6,2,6,2,6,6,6,2,2,6,2,6,2,6,6,2,1,6,6,6,6,6,6,6,6,6,2,6,2,6,6,6,2,5,".",".",".",".",".",".",".",".",".",".",".",".",".",".",".",".",".",".",".",".",".",".",".",".",".",".",".",".",2,"34"
"153",0,30,301,7,7,7,7,7,7,7,7,7,7,7,7,7,6,6,6,6,6,6,6,5,3,4,4,5,5,7,6,6,5,7,5,7,5,6,6,5,6,5,6,5,4,7,5,7,5,6,3,3,5,4,7,7,7,7,7,7,7,7,7,7,6,5,4,6,6,4,5,4,5,6,5,6,6,4,3,6,6,7,7,7,5,5,7,5,"1","3","4","4","4","4","4","3","3","6","4","5","6","5","5","4","3","5","5","4","7","7","5","5","0.9","3","16","8",1,"25"
"154",0,30,302,3,4,3,4,3,6,6,6,6,5,6,3,4,4,5,7,5,7,1,4,2,3,3,5,5,5,5,5,3,5,4,4,4,5,4,4,2,4,5,4,3,3,6,5,5,2,4,4,7,6,5,5,3,4,7,7,7,7,6,6,4,5,2,4,4,3,3,3,3,7,7,5,4,4,4,3,5,5,5,3,6,5,4,3,2,"4","4","2","3","3","3","4","7","6","6","6","2","6","7","2","2","3","4","4","4","1","4","5","6","0.9","3","12","9",2,"27"
"155",0,30,303,6,2,2,3,2,2,6,2,2,2,2,2,2,6,2,1,6,2,2,2,2,3,3,3,4,4,2,4,4,4,4,4,4,4,4,4,4,4,4,4,4,4,4,4,4,4,4,4,4,4,4,4,4,4,4,4,5,3,2,4,3,4,4,4,5,5,4,4,4,3,4,4,4,6,6,5,3,1,2,3,7,2,6,1,3,"3","2","3","1","6","2","6","2","6","6","6","5","6","6","6","3","3","3","3","3","4","4","4","4","0.9","3","8","10",1,"22"
"156",0,30,304,4,3,3,2,5,4,4,4,4,4,4,4,4,4,4,4,4,4,4,4,3,3,3,4,6,7,7,7,4,4,4,4,4,4,4,4,4,4,5,3,4,4,4,4,4,4,4,4,4,4,4,4,6,6,6,6,5,4,4,5,5,4,4,4,4,4,3,3,4,4,4,4,5,5,5,5,4,5,5,5,4,4,3,2,3,"3","3","3","3","4","4","4","4","4","4","4","4","4","4","4","3","3","3","3","3","4","4","4","5","0.9","3","10","10",2,"28"
"157",0,30,305,1,7,3,1,7,7,1,1,1,4,1,7,1,4,1,1,1,7,1,7,4,4,4,4,4,4,4,4,1,1,1,1,7,1,7,1,1,1,1,1,1,1,1,7,1,6,7,7,1,2,7,7,1,7,6,6,6,7,6,6,6,7,6,2,7,6,2,6,6,2,6,2,6,6,6,6,6,2,6,2,6,2,6,5,2,"4","4","4","4","4","4","4","5","4","4","4","4","4","5","4","4","5","4","4","4","4","4","4","4","0.9","3","11","11",1,"27"
"158",1,30,1030,6,5,5,5,6,5,5,6,5,5,6,5,6,3,6,5,6,6,3,6,3,3,3,3,5,5,6,5,1,1,2,4,5,5,6,5,2,2,1,2,2,6,4,6,2,4,2,5,2,5,2,5,3,6,5,3,4,4,2,2,6,2,6,4,6,4,3,2,5,5,4,5,5,6,5,6,7,2,5,2,5,3,5,1,3,".",".",".",".",".",".",".",".",".",".",".",".",".",".",".",".",".",".",".",".",".",".",".",".",".",".",".",".",1,"35"
"159",0,31,311,2,6,5,5,7,5,2,6,2,6,6,2,2,2,6,2,2,6,6,6,3,4,3,4,5,6,6,5,2,1,1,5,5,6,6,4,1,1,1,1,1,6,2,6,1,6,1,6,1,6,2,5,2,6,2,6,6,6,2,2,6,2,6,2,6,5,5,2,5,5,7,5,7,6,6,6,6,5,6,2,5,6,5,2,5,"3","3","4","3","6","6","6","6","5","6","6","6","5","6","5","4","4","3","4","3","5","5","5","6","0.8","8","5","7",2,"30"
"160",0,31,312,1,2,3,5,5,6,5,5,7,5,6,7,6,2,7,6,4,2,1,3,1,1,1,1,1,1,3,5,3,3,6,6,4,1,6,4,4,2,1,4,5,2,4,5,5,3,2,5,6,7,6,3,5,7,6,4,5,6,5,3,2,3,5,6,7,5,4,4,5,6,6,5,1,4,6,7,6,4,5,6,7,7,6,4,5,"1","3","4","4","2","4","6","7","4","5","3","1","3","5","5","2","4","1","4","4","2","4","2","1","0.8","8","4","5",2,"25"
"161",0,31,313,6,7,5,5,7,5,2,7,5,5,6,1,6,2,6,1,7,6,2,6,3,3,3,3,5,5,5,5,1,1,1,1,7,7,7,1,1,1,1,1,2,6,2,6,2,6,2,6,1,7,6,5,1,7,1,7,7,6,1,2,7,1,7,1,7,7,2,1,6,7,7,1,6,6,6,6,6,1,6,1,7,7,7,1,7,"4","3","4","4","6","6","6","6","6","6","6","6","6","6","6","3","3","3","4","4","5","2","6","6","0.8","8","6","6",1,"37"
"162",0,31,314,5,7,6,5,7,5,5,6,5,7,7,5,7,1,5,1,5,7,1,5,3,4,3,3,5,5,6,5,1,1,1,4,5,5,5,2,1,2,3,3,2,1,1,6,1,6,1,6,1,5,5,5,2,6,2,6,5,6,2,3,6,2,6,2,5,4,3,2,5,5,7,5,6,6,5,6,5,5,6,3,6,5,7,1,4,"3","4","4","3","6","5","7","6","6","7","7","5","6","6","6","3","3","4","3","3","5","5","6","6","0.8","8","4","7",1,"29"
"163",0,31,315,1,1,1,1,1,1,1,1,1,1,1,1,1,1,1,1,1,1,1,1,1,1,1,1,1,1,1,5,3,4,5,4,3,5,3,2,2,3,2,2,2,4,3,2,1,1,4,3,3,4,3,3,3,4,3,2,1,1,5,5,3,2,1,1,7,6,5,4,2,1,6,5,3,2,1,4,5,5,4,3,3,2,6,6,5,"1","1","1","1","1","1","1","1","1","1","1","1","1","1","1","1","1","1","1","1","1","1","1","2","0.8","8","5","6",1,"23"
"164",0,31,316,4,7,3,2,6,3,1,6,2,7,2,4,1,2,3,2,7,5,3,7,3,4,4,4,6,1,7,5,1,1,1,1,5,5,3,1,2,1,1,1,1,7,2,6,1,7,1,7,1,7,7,7,1,7,5,6,6,6,1,1,7,1,7,2,7,7,7,2,4,5,6,5,5,6,6,6,7,2,6,2,6,6,7,1,6,"3","4","4","4","7","6","7","7","7","7","7","1","3","1","3","4","5","5","5","5","5","3","2","1","0.8","8","3","5",2,"24"
"165",1,31,1031,5,7,5,3,6,6,2,6,3,4,6,2,6,5,4,2,3,6,6,6,3,3,3,2,5,2,5,4,3,2,2,3,3,3,6,2,3,2,2,1,2,1,1,7,1,7,5,5,2,7,7,6,1,7,2,7,7,7,1,1,6,5,7,1,6,6,1,1,6,1,7,6,7,7,7,1,6,1,7,1,7,7,6,1,6,".",".",".",".",".",".",".",".",".",".",".",".",".",".",".",".",".",".",".",".",".",".",".",".",".",".",".",".",1,"39"
"166",0,32,321,5,7,4,2,5,2,1,6,2,5,6,5,2,4,4,2,6,5,6,6,3,3,3,3,6,6,6,6,4,2,2,2,1,1,1,1,3,1,2,1,1,3,1,6,2,6,5,7,4,6,6,6,2,6,4,6,6,7,1,1,7,4,6,2,7,7,7,2,6,5,7,4,7,7,7,7,6,2,6,1,7,6,7,2,6,"3","3","4","4","6","6","6","6","6","7","7","6","3","3","6","3","2","4","4","3","6","6","5","5","0.88","4","10","6",1,"27"
"167",0,32,322,6,6,2,2,6,2,6,6,6,5,6,2,6,3,7,2,6,6,5,6,3,3,3,3,5,5,5,5,1,1,1,1,1,1,6,5,1,1,1,1,1,2,2,6,1,6,2,6,1,5,2,5,2,6,1,5,6,2,2,2,5,5,6,1,5,5,3,2,2,5,5,5,6,6,6,2,5,2,5,1,5,6,5,2,6,"3","3","3","3","6","6","5","5","5","6","6","5","6","5","5","3","3","4","3","3","5","5","5","6","0.88","4","4","7",1,"26"
"168",0,32,323,4,1,4,7,4,4,2,4,4,1,3,5,2,2,6,1,4,7,7,4,3,3,3,3,5,4,4,4,5,4,4,4,4,3,4,4,5,5,5,5,5,5,4,4,4,4,4,4,4,4,4,4,4,4,4,4,4,4,4,4,4,4,4,4,4,4,4,5,4,4,4,4,4,4,5,4,4,4,4,4,4,4,4,4,4,"5","4","5","5","4","5","3","6","4","6","6","7","7","1","4","3","3","3","3","3","4","4","4","4","0.88","4","6","6",2,"25"
"169",0,32,324,3,7,4,4,6,4,4,5,5,2,5,4,4,5,4,4,2,4,6,4,3,3,3,4,5,4,4,4,4,4,4,4,4,4,4,4,3,4,4,5,5,4,4,4,4,4,4,4,4,4,4,4,4,4,4,4,4,4,4,4,4,4,4,4,4,4,4,4,4,4,5,4,4,5,4,4,4,4,4,4,4,4,4,4,3,"4","4","2","2","6","6","6","6","4","5","4","3","5","4","4","3","3","4","4","4","4","4","4","4","0.88","4","5","8",1,"27"
"170",0,32,325,6,6,3,1,6,6,3,6,6,5,3,6,1,6,3,1,4,5,5,7,4,4,4,4,6,6,6,6,4,4,3,3,4,4,3,1,4,1,5,2,3,2,3,6,2,6,7,6,3,6,5,6,2,6,3,6,6,5,2,2,6,6,4,2,7,6,6,5,6,5,6,3,6,6,6,6,3,6,5,1,6,5,5,2,5,"4","4","4","4","5","5","5","5","5","6","6","4","5","5","5","3","3","3","3","3","6","6","6","6","0.88","4","7","5",2,"27"
"171",0,32,326,2,6,6,2,6,6,2,6,2,6,6,2,6,6,6,2,2,6,2,6,3,3,3,3,5,5,5,5,1,2,1,5,3,3,5,4,1,1,1,1,1,3,1,6,1,5,5,5,2,5,6,6,5,7,5,7,7,7,1,2,6,5,7,2,5,5,5,3,5,5,7,5,6,6,6,6,6,5,6,3,5,6,6,3,6,"4","4","4","4","5","5","5","5","5","5","5","5","5","5","5","3","3","3","3","3","5","5","5","5","0.88","4","5","6",2,"25"
"172",1,32,1032,6,6,5,5,6,5,5,6,5,6,6,5,6,2,6,5,6,6,5,6,3,3,4,4,5,6,5,5,3,3,2,5,5,6,6,4,3,2,3,4,3,5,4,6,1,6,3,6,3,6,5,6,4,6,3,5,5,5,2,2,5,2,6,2,6,5,4,3,6,6,7,5,6,5,6,5,6,5,5,2,5,4,6,2,2,".",".",".",".",".",".",".",".",".",".",".",".",".",".",".",".",".",".",".",".",".",".",".",".",".",".",".",".",2,"38"
"173",0,33,331,6,6,6,5,4,4,5,6,4,6,3,6,1,2,5,2,2,6,6,6,3,3,4,4,6,6,6,7,2,2,2,1,5,6,6,7,2,1,1,3,4,7,1,6,1,6,4,6,4,6,5,6,1,6,1,6,7,6,2,1,6,4,6,4,6,6,4,3,6,5,7,5,6,6,7,6,7,3,6,2,6,7,7,1,7,"4","4","3","3","5","6","6","6","6","6","6","2","2","4","6","4","4","4","3","4","5","4","3","2","0.95","5","8","4",2,"26"
"174",0,33,332,5,5,6,6,6,6,5,6,6,7,1,7,7,7,7,7,6,2,3,4,3,3,4,3,5,5,6,5,4,5,4,5,6,6,6,6,4,3,2,2,3,6,6,5,2,6,2,6,3,5,5,5,6,6,5,5,6,6,5,6,6,5,5,3,6,5,5,5,5,4,5,5,5,5,5,5,5,6,6,2,6,6,6,3,5,"1","1","1","1","6","6","6","5","6","7","6","5","5","5","5","3","2","3","3","3","5","5","5","5","0.95","5","7","3",2,"29"
"175",0,33,333,5,7,5,1,7,7,5,7,5,5,7,5,5,7,5,2,6,6,2,7,3,3,3,3,3,3,3,3,1,3,3,2,5,5,5,2,3,2,2,2,1,5,5,6,2,5,2,5,2,5,5,6,2,7,6,6,6,5,1,6,7,1,6,2,6,5,4,3,5,5,6,6,6,6,2,6,7,6,6,6,7,6,7,3,5,"3","3","4","3","5","6","5","2","5","5","6","5","3","2","5","3","3","3","3","3","6","2","6","6","0.95","5","8","4",1,"33"
"176",0,33,334,6,6,5,3,2,4,6,5,5,1,3,6,7,4,4,1,3,6,4,5,4,5,5,4,6,6,7,6,2,2,6,1,6,5,6,1,4,1,1,1,1,5,4,6,4,6,5,6,4,6,7,7,2,6,3,6,6,7,2,4,7,5,5,2,6,6,6,6,7,4,6,5,6,6,6,6,6,5,6,4,6,6,6,5,6,"3","4","3","3","6","6","6","7","7","7","7","6","6","5","6","3","3","5","5","5","6","5","5","6","0.95","5","7","3",1,"32"
"177",0,33,335,5,6,4,5,5,2,4,4,5,3,3,6,5,3,3,4,5,6,4,5,3,3,3,3,4,4,4,4,3,3,3,3,3,3,4,3,4,4,4,4,4,2,3,5,3,5,6,6,4,5,5,6,3,6,4,6,6,6,4,5,6,6,6,4,6,6,5,5,6,6,6,6,6,6,6,6,6,4,6,5,6,6,6,3,6,"3","2","3","4","5","5","5","6","6","6","6","5","4","5","5","3","3","3","4","4","5","5","5","4","0.95","5","9","5",2,"24"
"178",0,33,336,1,7,7,1,7,7,1,7,1,7,7,1,7,7,7,1,1,7,7,7,3,4,4,3,6,2,6,6,1,1,1,1,1,1,1,1,3,1,1,1,1,3,1,6,1,6,2,6,2,6,6,6,3,6,5,6,6,7,1,5,6,2,6,1,1,6,6,2,6,5,6,6,6,6,6,6,6,6,6,2,7,7,7,1,7,"5","5","5","5","7","7","7","7","7","7","7","6","2","1","6","4","4","4","3","3","6","2","6","7","0.95","5","12","6",1,"32"
"179",1,33,1033,5,6,2,3,3,3,4,4,4,4,5,5,5,4,3,3,4,3,3,6,3,3,4,4,4,3,4,4,4,3,3,4,5,5,5,5,4,3,3,4,5,5,4,6,2,6,3,4,5,6,6,6,4,6,5,6,5,4,3,3,5,3,5,4,6,6,6,4,5,5,5,2,5,6,6,6,6,4,6,2,6,6,6,2,5,".",".",".",".",".",".",".",".",".",".",".",".",".",".",".",".",".",".",".",".",".",".",".",".",".",".",".",".",2,"36"
"180",0,34,341,7,5,2,7,3,2,1,2,7,6,3,3,5,2,7,2,7,4,2,5,3,4,4,4,4,5,4,4,6,3,6,5,5,5,7,2,4,2,2,3,3,6,5,6,2,6,3,6,2,2,5,7,4,6,2,6,6,2,2,6,7,2,6,3,5,5,7,7,5,7,5,5,6,5,5,3,7,7,2,5,6,5,4,3,2,"4","3","5","4","6","6","6","5","5","6","7","6","6","4","5","4","3","4","2","4","5","6","5","5","0.99","0","10","4",2,"31"
"181",0,34,342,4,5,5,4,2,2,6,4,5,6,3,6,5,5,2,3,2,4,5,6,3,3,3,4,6,6,6,6,4,4,3,4,3,2,3,2,2,1,1,1,2,5,2,5,2,6,4,6,2,6,6,6,2,6,3,4,6,6,2,2,4,2,5,2,6,6,4,4,3,3,5,3,4,6,6,3,5,3,6,2,6,4,6,3,4,"4","4","3","3","6","6","5","6","6","6","6","2","2","2","3","4","4","3","4","4","5","4","2","3","0.99","0","10","5",2,"38"
"182",0,34,343,6,7,5,5,5,3,6,6,6,6,6,6,5,4,5,5,5,5,4,6,4,5,5,5,6,7,6,7,1,1,2,3,4,2,5,2,5,3,2,1,4,2,5,7,5,4,7,7,3,3,3,3,2,6,5,7,3,7,3,5,3,7,7,3,7,4,7,4,4,7,3,7,5,5,7,6,2,5,5,2,4,5,5,3,2,"5","4","4","4","7","7","7","7","7","7","7","3","2","2","7","4","4","5","5","5","5","6","6","5","0.99","0","9","4",2,"31"
"183",1,34,1034,5,7,5,3,2,2,2,5,7,7,2,7,2,5,2,5,6,6,2,6,3,3,3,3,6,2,4,6,6,2,2,2,6,6,2,2,4,2,1,2,5,6,2,6,2,6,2,6,6,6,6,6,2,6,6,2,6,6,6,3,6,2,6,6,6,6,6,2,6,6,6,2,6,6,6,6,6,6,6,2,6,6,6,2,6,".",".",".",".",".",".",".",".",".",".",".",".",".",".",".",".",".",".",".",".",".",".",".",".",".",".",".",".",2,"35"
"184",0,35,351,6,7,2,5,3,1,1,6,7,1,7,2,1,3,7,5,7,3,1,5,3,3,3,4,5,5,6,3,2,2,2,3,6,5,5,6,3,3,5,4,6,2,6,4,7,6,6,5,2,6,5,2,2,7,6,6,6,6,7,7,5,6,7,7,2,6,7,6,5,7,5,7,7,6,3,6,2,7,4,6,5,6,6,7,7,"2","4","5","4","2","2","1","5","3","6","6","6","6","4","6","2","2","3","4","3","7","7","5","5","1","0","15","4",2,"29"
"185",0,35,352,3,2,6,5,2,2,5,2,6,6,1,6,5,5,3,6,5,3,5,5,3,4,4,4,5,4,6,7,2,2,5,7,6,6,7,7,1,3,1,2,1,5,6,5,5,7,2,4,6,3,6,7,7,7,7,4,7,7,3,6,7,1,6,4,7,6,7,5,6,7,6,2,6,5,7,7,7,7,5,6,5,7,7,6,7,"3","5","2","3","3","6","6","6","5","6","6","5","5","5","5","4","4","4","4","4","2","2","5","3","1","0","11","5",2,"36"
"186",0,35,353,6,7,4,1,5,5,6,5,6,2,6,5,2,2,4,7,6,6,5,6,5,5,3,3,3,1,1,3,4,5,4,7,6,4,4,7,3,4,5,3,2,7,5,6,6,6,4,6,5,6,7,7,4,2,6,6,7,7,3,7,7,2,6,1,6,5,6,4,7,6,4,6,6,5,6,7,6,5,6,1,6,6,7,6,6,"3","2","4","3","6","6","7","5","6","6","6","7","6","7","5","2","3","3","2","2","7","6","7","6","1","0","11","5",1,"23"
"187",1,35,1035,3,1,4,5,7,3,4,7,2,1,5,7,3,6,1,7,2,2,4,7,4,4,4,4,7,7,5,7,3,1,1,4,1,4,5,1,1,1,1,4,1,6,1,6,2,4,5,6,2,5,4,5,2,6,4,7,6,4,2,5,6,6,6,2,7,6,6,6,6,5,6,6,5,5,5,6,6,2,2,2,6,2,7,2,6,".",".",".",".",".",".",".",".",".",".",".",".",".",".",".",".",".",".",".",".",".",".",".",".",".",".",".",".",2,"30"
"188",0,36,361,5,7,6,5,6,5,6,6,7,2,5,6,2,1,5,4,6,4,7,7,4,4,5,4,7,6,5,5,4,6,3,4,5,4,4,4,4,1,2,2,4,5,5,4,2,6,5,5,4,6,5,6,3,6,4,5,5,6,4,3,5,4,6,5,5,6,5,5,5,4,5,5,6,5,5,6,5,4,4,4,5,6,6,5,5,"4","5","5","4","6","6","6","6","6","6","6","7","6","5","4","3","3","4","5","5","5","5","4","6","0.85","4","7","5",2,"28"
"189",0,36,362,5,1,3,3,7,2,6,7,3,6,6,2,2,2,2,1,1,2,7,7,3,3,3,3,6,2,6,6,6,2,2,2,2,2,2,2,4,1,1,1,1,3,2,6,2,6,6,7,5,6,6,6,2,7,6,6,6,2,5,6,6,6,3,6,6,6,5,2,6,2,6,6,6,6,6,6,2,2,2,6,6,6,6,6,3,"4","5","5","5","6","2","6","6","6","6","6","7","2","6","6","4","4","5","5","5","7","7","7","6","0.85","4","9","6",2,"29"
"190",0,36,363,1,4,4,5,1,1,3,2,3,6,5,6,2,4,6,4,1,3,5,7,3,3,2,3,5,5,5,3,4,5,5,5,2,2,2,2,5,1,1,1,1,2,2,5,1,6,6,6,6,6,6,5,2,6,4,5,4,6,4,1,6,5,7,6,6,5,5,5,5,7,6,6,6,5,6,2,2,2,4,4,4,6,6,5,2,"3","3","3","3","5","6","3","5","5","6","6","5","5","3","4","3","4","4","4","4","6","6","6","6","0.85","4","11","6",2,"28"
"191",1,36,1036,2,5,4,6,6,4,5,6,7,7,5,5,2,6,2,5,5,2,5,2,3,3,4,3,6,4,4,6,3,5,5,4,6,4,5,5,3,2,2,6,4,7,5,6,2,6,1,6,4,5,5,7,3,2,5,5,6,5,5,5,4,4,5,5,5,6,5,5,5,5,6,5,5,6,7,6,6,2,6,3,5,5,6,5,6,".",".",".",".",".",".",".",".",".",".",".",".",".",".",".",".",".",".",".",".",".",".",".",".",".",".",".",".",2,"35"
"192",0,37,371,3,7,4,3,4,4,5,4,5,5,4,6,6,5,4,1,1,7,5,5,2,4,5,4,3,5,5,4,5,6,6,4,6,6,6,6,5,5,5,3,5,6,6,5,5,4,5,5,4,5,6,4,6,5,5,6,4,4,6,6,4,5,2,5,4,3,5,3,5,5,7,1,2,3,6,4,6,1,4,5,4,6,5,5,3,"4","5","4","3","4","5","5","6","5","4","5","5","5","5","6","4","3","3","4","4","5","6","4","5","0.95","1","8","18",2,"27"
"193",0,37,372,2,6,3,5,5,6,7,6,5,2,6,6,6,6,2,5,3,2,5,7,3,3,3,2,5,4,5,4,4,6,6,5,3,2,3,5,2,3,3,3,6,3,5,6,5,4,2,2,5,7,5,2,4,7,7,7,3,3,2,1,1,5,6,7,6,1,5,5,2,3,4,6,3,3,4,4,3,5,6,3,4,4,4,3,3,"3","4","5","3","7","6","6","6","6","6","6","5","3","5","5","4","4","5","5","4","1","4","5","3","0.95","1","9","20",2,"23"
"194",0,37,373,5,6,6,5,6,5,5,6,5,5,5,5,6,2,5,2,6,6,3,6,4,4,3,4,5,6,6,5,1,2,2,4,5,6,6,3,3,3,4,2,1,7,3,7,1,6,2,7,5,5,7,7,1,7,5,1,7,7,1,1,6,1,7,1,7,4,2,1,5,5,6,1,7,7,4,7,7,1,7,1,6,5,5,1,5,"3","4","4","4","5","5","6","6","6","5","5","5","6","5","6","3","3","3","4","4","5","5","6","6","0.95","1","5","16",2,"28"
"195",0,37,374,7,6,6,7,2,2,2,3,6,2,1,6,4,2,2,2,5,3,2,6,3,3,2,2,5,5,3,3,3,3,2,4,6,2,3,2,2,2,2,3,3,2,2,6,6,6,6,6,7,2,6,4,1,5,7,6,4,6,7,6,6,7,7,7,2,5,2,6,6,5,6,7,7,5,4,5,3,6,2,6,6,3,5,7,3,"4","3","5","3","6","7","6","7","7","7","6","5","5","3","4","3","3","3","4","4","3","2","6","2","0.95","1","8","17",1,"28"
"196",0,37,375,1,2,2,2,2,2,2,2,2,3,3,2,2,3,3,2,2,2,3,3,3,3,2,4,4,4,3,4,5,4,4,4,4,2,1,3,3,4,3,2,2,4,3,3,3,2,2,1,4,4,4,3,2,1,3,3,3,4,3,4,3,3,4,4,4,4,3,4,4,4,3,3,5,3,4,5,5,3,2,2,3,4,3,3,5,"1","2","2","2","7","6","6","5","4","2","2","4","4","3","2","3","4","3","2","2","4","3","2","1","0.95","1","9","18",1,"28"
"197",1,37,1037,6,7,6,5,6,3,5,6,3,5,6,7,5,3,6,6,7,7,1,5,4,3,3,4,5,6,6,5,3,3,3,5,6,6,7,3,3,4,2,3,1,5,2,6,2,6,5,6,2,6,6,6,1,7,5,7,6,6,2,3,5,2,7,2,6,6,2,2,6,2,6,2,6,6,6,2,6,2,6,2,6,5,6,2,3,".",".",".",".",".",".",".",".",".",".",".",".",".",".",".",".",".",".",".",".",".",".",".",".",".",".",".",".",2,"34"
"198",0,38,381,6,1,3,5,6,5,5,5,5,5,5,5,5,5,5,5,5,3,3,3,3,3,3,3,4,4,4,4,4,4,4,4,4,4,4,4,3,4,3,4,4,4,4,2,2,3,2,1,2,3,4,3,4,3,3,3,3,3,4,4,5,4,4,4,3,4,5,4,4,4,3,3,4,4,4,4,4,5,5,4,2,3,3,3,2,"3","3","3","3","6","6","6","6","6","6","7","6","7","6","6","4","3","4","4","3","4","4","4","4","0.9","6","11","7",1,"26"
"199",0,38,382,5,6,6,3,3,3,6,6,6,6,3,6,3,4,5,5,3,3,4,7,3,3,3,3,3,2,5,5,5,2,6,4,5,5,5,5,3,1,1,1,1,2,2,5,2,5,3,6,6,6,6,6,2,6,3,6,6,6,5,6,6,6,5,2,6,6,6,6,6,6,6,6,5,6,5,5,5,2,5,5,4,6,6,5,6,"4","4","4","4","6","6","5","5","6","5","6","4","4","4","4","2","3","3","3","3","6","5","5","3","0.9","6","8","5",1,"32"
"200",0,38,383,6,6,6,6,6,6,2,6,6,6,6,2,6,2,6,2,6,6,6,6,3,3,3,3,5,6,6,5,2,1,1,4,4,5,5,4,1,2,2,3,2,2,3,5,2,5,2,6,2,6,5,6,3,7,5,7,5,7,1,1,5,4,7,4,6,6,5,2,6,5,6,2,5,5,5,2,6,5,7,3,6,5,6,2,5,"4","4","3","4","6","5","6","5","5","6","6","5","5","5","5","3","4","3","4","3","5","5","5","6","0.9","6","5","7",1,"29"
"201",0,38,384,2,7,3,2,5,5,7,6,5,3,5,6,2,4,7,6,5,6,4,6,4,4,4,4,6,6,6,6,6,2,2,2,2,2,3,2,2,1,1,5,1,6,4,5,2,6,4,7,3,6,6,6,2,6,2,5,6,6,2,2,6,6,6,2,6,6,6,2,6,2,6,2,5,6,6,6,6,2,6,2,7,6,6,2,6,"4","3","5","4","5","5","6","5","6","6","5","3","3","4","5","3","3","4","5","4","6","3","2","3","0.9","6","9","8",2,"23"
"202",0,38,385,6,6,1,5,1,3,7,2,7,1,1,5,1,5,6,5,5,3,2,3,3,3,3,3,6,3,6,6,5,2,2,2,5,5,5,2,1,1,1,1,1,2,2,6,1,5,5,6,3,5,4,6,2,6,5,6,6,6,4,2,4,6,6,6,4,5,5,6,5,4,5,4,3,4,5,5,5,4,4,4,6,6,6,6,5,"4","4","4","4","6","6","6","6","6","6","6","6","6","5","6","4","4","4","4","4","5","5","6","6","0.9","6","9","6",2,"25"
"203",0,38,386,4,7,4,5,6,3,5,7,4,6,7,6,2,4,6,2,4,3,4,4,3,4,4,5,6,7,6,7,1,2,2,4,6,7,6,1,5,3,1,1,1,2,4,6,4,7,6,6,2,5,6,7,2,6,5,5,7,6,2,2,6,5,7,2,5,6,6,4,6,4,6,3,6,6,6,6,6,3,6,2,6,6,6,2,4,"4","4","5","3","6","6","6","6","7","6","6","3","4","3","6","4","5","4","4","5","5","4","2","2","0.9","6","7","6",2,"30"
"204",1,38,1038,6,6,5,5,6,2,5,6,2,6,6,3,6,2,6,5,6,6,3,6,3,3,3,3,6,5,5,6,1,2,2,3,4,3,5,4,2,2,3,3,2,1,1,6,2,5,6,6,2,6,5,5,1,6,2,6,6,5,1,2,6,2,5,2,5,4,4,4,6,6,6,5,6,5,5,6,6,2,6,2,6,6,6,2,4,".",".",".",".",".",".",".",".",".",".",".",".",".",".",".",".",".",".",".",".",".",".",".",".",".",".",".",".",1,"40"
"205",0,39,391,6,6,6,2,6,6,2,6,2,6,6,2,6,2,6,2,6,6,6,6,3,4,3,3,6,5,6,5,1,2,1,5,5,5,5,2,3,1,3,1,2,2,2,5,1,5,1,5,1,6,5,5,2,7,2,6,5,5,1,1,6,1,6,2,6,4,4,4,5,5,6,5,7,7,6,5,6,5,6,2,6,6,6,2,7,"3","4","3","3","5","5","5","5","6","5","6","5","6","6","5","3","4","3","3","4","6","6","6","5","0.8","5","10","9",1,"31"
"206",0,39,392,6,6,6,2,6,6,2,6,2,6,6,6,6,2,6,2,6,6,2,6,3,3,3,3,5,6,6,5,2,2,2,6,6,6,6,5,1,1,1,1,1,2,2,6,2,6,2,6,2,5,6,6,2,5,2,5,5,6,2,6,6,2,6,2,6,6,2,2,6,2,6,2,6,6,2,6,2,2,6,2,6,6,6,2,6,"3","4","4","3","6","6","6","6","6","6","6","6","6","6","6","3","4","4","3","3","5","6","6","5","0.8","5","14","11",1,"32"
"207",0,39,393,6,7,3,6,5,6,3,5,6,5,3,5,1,3,2,2,4,6,4,6,3,3,4,4,5,6,5,6,3,3,2,2,3,4,2,2,5,5,5,5,5,2,2,5,4,6,5,5,3,3,6,6,3,5,3,6,6,5,3,3,2,5,6,2,4,6,4,5,6,5,5,5,5,5,6,5,3,4,5,1,4,6,6,2,6,"2","1","3","4","6","6","5","6","7","6","6","3","3","3","4","3","4","3","4","4","6","4","5","5","0.8","5","10","10",2,"27"
"208",0,39,394,6,6,2,4,4,2,2,5,4,4,6,6,4,4,2,4,4,4,2,6,3,3,3,3,3,4,4,3,4,2,5,4,2,2,4,1,3,1,1,1,1,1,1,6,3,5,7,7,2,4,5,4,1,7,5,7,4,7,2,4,5,7,4,4,5,5,5,6,4,6,6,6,6,6,5,4,3,4,4,4,6,7,7,3,5,"1","1","4","2","7","7","6","7","7","7","7","4","6","3","7","5","2","3","4","4","5","4","6","6","0.8","5","8","12",2,"28"
"209",1,39,1039,2,7,6,3,6,6,2,6,2,6,7,2,6,6,5,2,2,6,5,6,3,3,3,2,5,6,5,5,1,1,1,5,3,3,6,2,1,1,1,1,1,1,1,7,1,6,5,7,1,6,6,6,1,6,2,6,6,5,1,2,5,6,6,2,6,6,2,2,6,2,6,2,6,6,5,1,6,2,6,2,6,3,7,1,2,".",".",".",".",".",".",".",".",".",".",".",".",".",".",".",".",".",".",".",".",".",".",".",".",".",".",".",".",1,"35"
